月份,大樂透銷售總額,威力彩銷售總額,今彩539銷售總額,電腦型彩券總銷售額,大樂透銷售注數,威力彩銷售注數,今彩539銷售注數,電腦型彩券總銷售注數,大樂透開獎期數,威力彩開獎期數,今彩539開獎期數,電腦型彩券總開獎期數,大樂透單月最高總獎金,威力彩單月最高總獎金,今彩539單月最高總獎金,當月最高總獎金,大樂透平均每期銷售額,威力彩平均每期銷售額,今彩539平均每期銷售額,電腦型彩券平均每期銷售額,CPI總指數,CPI食物類,CPI衣著類,CPI居住類,CPI交通及通訊類,CPI醫藥保健類,CPI教養娛樂類,CPI雜項類,總人口數千人,15歲以上民間人口千人,勞動力千人,就業人數千人,失業人數千人,勞動力參與率,失業率,CCI,TAIEX月平均收盤指數,TAIEX交易日數,TAIEX是否估計,大樂透連槓獎金,大樂透連槓期數,大樂透重置次數,威力彩連槓獎金,威力彩連槓期數,威力彩重置次數,今彩539連槓獎金,今彩539連槓期數,今彩539重置次數,電腦型彩券最高連槓獎金,電腦型彩券連槓期數,春節,端午,中秋,通膨率,失業率年變動_pp,CCI年變動,TAIEX年增率
2010-01,1426406150,745038000,757299100,2928743250,28528123,7450380,15145982,51124485,9,8,21,38,319119932,245508355,34906700,319119932,158489572.2222222,93129750.0,36061861.9047619,77072190.78947368,89.27,76.8,91.06,93.65,102.52,89.86,96.06,84.55,23020.0,18976.0,11014.0,10388.0,626.0,58.04,5.68,61.8,8098.58,0,0,319119932,6,3,245508355,7,1,34906700,10,11,319119932,23,0,0,0,,,,
2010-02,2415584700,1549612100,830874950,4796071750,48311694,15496121,16617499,80425314,8,8,20,36,639568661,765792824,39567500,765792824,301948087.5,193701512.5,41543747.5,133224215.27777778,89.74,76.44,86.52,93.97,101.81,89.82,98.36,89.34,23023.0,18992.0,11007.0,10373.0,634.0,57.96,5.76,65.65,7431.71,0,0,639568661,6,2,765792824,8,0,39567500,10,10,765792824,24,1,0,0,,,,
2010-03,1563354800,1157542500,915776500,3636673800,31267096,11575425,18315530,61158051,9,9,23,41,294118530,877368662,37259400,877368662,173706088.8888889,128615833.33333331,39816369.56521739,88699360.97560975,88.89,76.43,84.13,93.76,101.5,90.0,96.13,85.26,23026.0,19007.0,11008.0,10384.0,624.0,57.92,5.67,67.65,7775.16,0,0,294118530,6,3,877368662,7,2,37259400,11,12,877368662,24,0,0,0,,,,
2010-04,1325854850,826942700,805119150,2957916700,26517097,8269427,16102383,50888907,9,9,22,40,157187411,508391611,36705450,508391611,147317205.55555555,91882522.22222222,36596325.0,73947917.5,89.64,76.95,96.0,93.82,101.79,90.27,96.48,85.91,23028.0,19021.0,11007.0,10414.0,593.0,57.87,5.39,80.8,8052.45,0,0,157187411,4,5,508391611,7,2,36705450,10,12,508391611,21,0,0,0,,,,
2010-05,1285368200,721793800,741823550,2748985550,25707364,7217938,14836471,47761773,8,9,21,38,391829027,457401307,38279650,457401307,160671025.0,80199311.1111111,35324930.952380955,72341725.0,89.49,76.86,95.99,93.84,101.77,90.22,96.43,84.66,23031.0,19037.0,11026.0,10459.0,567.0,57.92,5.14,83.2,7525.68,0,0,391829027,7,1,457401307,6,3,38279650,11,10,457401307,24,0,0,0,,,,
2010-06,1292536100,644144800,730138950,2666819850,25850722,6441448,14602779,46894949,9,8,22,39,294002160,527735250,33424500,527735250,143615122.2222222,80518100.0,33188134.09090909,68379996.15384616,89.8,77.13,93.44,94.84,100.92,90.13,96.4,86.53,23033.0,19052.0,11053.0,10483.0,570.0,58.02,5.16,81.45,7383.42,0,0,294002160,8,1,527735250,7,1,33424500,14,8,527735250,29,0,1,0,,,,
2010-07,1303919550,812941100,722002100,2838862750,26078391,8129411,14440042,48647844,9,9,22,40,267857338,359096046,33419950,359096046,144879950.0,90326788.8888889,32818277.272727273,70971568.75,90.08,77.78,90.34,94.83,100.79,89.97,98.11,85.92,23037.0,19069.0,11116.0,10538.0,578.0,58.29,5.2,82.15,7638.86,0,0,267857338,8,1,359096046,8,1,33419950,10,12,359096046,26,0,0,0,,,,
2010-08,1590981150,1421860400,745361700,3758203250,31819623,14218604,14907234,60945461,9,9,22,40,476685869,839313485,34696800,839313485,176775683.33333334,157984488.8888889,33880077.27272727,93955081.25,90.09,78.44,86.83,94.75,100.96,90.1,97.71,85.66,23039.0,19085.0,11146.0,10570.0,576.0,58.4,5.17,82.35,7883.91,0,0,476685869,8,1,839313485,9,0,34696800,11,11,839313485,28,0,0,0,,,,
2010-09,1162225400,1697009800,841950200,3701185400,23244508,16970098,16839004,57053610,8,9,22,39,291744764,1310370842,36144950,1310370842,145278175.0,188556644.44444445,38270463.63636363,94902189.74358974,90.18,78.96,85.36,94.86,100.65,90.78,97.32,85.85,23040.0,19100.0,11091.0,10531.0,560.0,58.07,5.05,82.0,8039.5,0,0,291744764,6,2,1310370842,8,1,36144950,13,9,1310370842,27,0,0,1,,,,
2010-10,1231291950,612873400,826302450,2670467800,24625839,6128734,16526049,47280622,9,8,21,38,202338176,338596673,36981850,338596673,136810216.66666666,76609175.0,39347735.71428572,70275468.42105263,90.78,80.21,97.78,93.86,101.39,90.76,97.38,84.72,23044.0,19118.0,11106.0,10560.0,546.0,58.09,4.92,82.15,8210.01,0,0,202338176,7,2,338596673,7,1,36981850,12,9,338596673,26,0,0,0,,,,
2010-11,1413029750,651438800,907069200,2971537750,28260595,6514388,18141384,52916367,9,9,22,40,387200897,231203831,40995850,387200897,157003305.55555555,72382088.8888889,41230418.18181818,74288443.75,90.95,80.26,99.8,93.9,101.83,90.83,97.13,85.54,23050.0,19136.0,11132.0,10605.0,527.0,58.17,4.73,84.3,8350.26,0,0,387200897,8,1,231203831,9,0,40995850,10,12,387200897,27,0,0,0,,,,
2010-12,1481451450,736635500,954848000,3172934950,29629029,7366355,19096960,56092344,9,9,23,41,406156781,438982419,37437400,438982419,164605716.66666666,81848388.8888889,41515130.43478261,77388657.31707317,90.26,78.19,96.97,94.1,102.13,91.15,96.99,85.57,23055.0,19153.0,11133.0,10613.0,520.0,58.13,4.67,86.0,8777.11,0,0,406156781,8,1,438982419,8,1,37437400,10,13,438982419,26,0,0,0,,,,
2011-01,1489262150,647610500,1007690900,3144563550,29785243,6476105,20153818,56415166,8,9,26,43,516020248,225261112,39228800,516020248,186157768.75,71956722.22222222,38757342.307692304,73129384.88372093,90.25,78.35,91.82,94.07,103.05,91.18,97.43,84.88,23057.0,19169.0,11140.0,10623.0,517.0,58.11,4.64,89.85,8970.76,0,0,516020248,7,1,225261112,8,1,39228800,14,12,516020248,29,0,0,0,1.1,-1.04,28.05,10.77
2011-02,7007918150,585999300,1083028050,8676945500,140158363,5859993,21660561,167678917,8,8,24,40,2783011428,290641807,39841050,2783011428,875989768.75,73249912.5,45126168.75,216923637.5,90.93,78.51,88.33,94.45,103.3,91.32,98.51,90.33,23057.0,19183.0,11123.0,10601.0,522.0,57.98,4.69,89.8,8742.56,0,0,2783011428,7,1,290641807,8,0,39841050,12,12,2783011428,27,1,0,0,1.33,-1.07,24.15,17.64
2011-03,1332307550,798529700,1082209150,3213046400,26646151,7985297,21644183,56275631,9,9,27,45,280057248,547455290,39354750,547455290,148034172.2222222,88725522.22222222,40081820.37037037,71401031.1111111,90.13,77.86,86.13,94.3,104.14,91.64,96.92,86.19,23058.0,19198.0,11128.0,10629.0,499.0,57.97,4.48,88.0,8533.12,11,0,280057248,7,2,547455290,9,0,39354750,11,16,547455290,27,0,0,0,1.39,-1.19,20.35,9.75
2011-04,1356802400,591686300,1004069300,2952558000,27136048,5916863,20081386,53134297,9,8,26,43,373941969,613313004,37905550,613313004,150755822.2222222,73960787.5,38618050.0,68664139.53488372,90.8,78.38,97.94,94.43,104.2,92.1,97.0,86.5,23062.0,19213.0,11126.0,10648.0,477.0,57.91,4.29,89.3,8860.92,19,0,373941969,7,2,613313004,7,1,37905550,11,15,613313004,25,0,0,0,1.29,-1.1,8.5,10.04
2011-05,1123037250,552147700,934790950,2609975900,22460745,5521477,18695819,46678041,9,9,26,44,216732733,348080205,35436500,348080205,124781916.66666669,61349744.44444445,35953498.07692308,59317634.09090909,90.98,79.01,98.86,94.54,103.87,92.17,96.7,86.36,23065.0,19228.0,11146.0,10670.0,476.0,57.97,4.27,90.55,8910.54,21,0,216732733,7,2,348080205,9,0,35436500,12,14,348080205,28,0,0,0,1.66,-0.87,7.35,18.4
2011-06,1285658300,571331200,926282100,2783271600,25713166,5713312,18525642,49952120,8,9,26,43,283755629,420327493,36195100,420327493,160707287.5,63481244.44444445,35626234.615384616,64727246.511627905,91.54,79.7,96.19,95.67,103.6,92.38,97.26,87.37,23071.0,19244.0,11183.0,10696.0,486.0,58.11,4.35,90.85,8748.66,21,0,283755629,6,2,420327493,7,2,36195100,16,10,420327493,29,0,1,0,1.94,-0.81,9.4,18.49
2011-07,1172733500,486014700,925879200,2584627400,23454670,4860147,18517584,46832401,9,8,26,43,225839637,283541006,31551450,283541006,130303722.22222222,60751837.5,35610738.461538464,60107613.95348837,91.27,79.07,92.97,95.76,102.47,92.35,98.75,86.62,23078.0,19260.0,11248.0,10752.0,496.0,58.4,4.41,93.55,8681.24,21,0,225839637,4,5,283541006,8,0,31551450,9,17,283541006,21,0,0,0,1.32,-0.79,11.4,13.65
2011-08,1809779050,1134014400,1001740200,3945533650,36195581,11340144,20034804,67570529,9,9,27,45,559449172,650270307,35465200,650270307,201086561.1111111,126001600.0,37101488.88888889,87678525.55555555,91.3,79.68,88.71,95.85,102.34,92.47,98.39,86.8,23083.0,19276.0,11284.0,10782.0,502.0,58.54,4.45,93.55,7763.33,23,0,559449172,9,0,650270307,8,1,35465200,16,11,650270307,33,0,0,0,1.34,-0.72,11.2,-1.53
2011-09,1949421850,483077500,1150811100,3583310450,38988437,4830775,23016222,66835434,9,9,26,44,689093030,220961315,49390650,689093030,216602427.7777778,53675277.777777776,44261965.384615384,81438873.86363636,91.42,80.44,86.57,95.91,102.39,92.57,97.65,87.31,23086.0,19291.0,11231.0,10750.0,481.0,58.22,4.28,92.8,7385.13,21,0,689093030,7,2,220961315,8,1,49390650,12,14,689093030,27,0,0,1,1.38,-0.77,10.8,-8.14
2011-10,1107327750,1150672300,1158671400,3416671450,22146555,11506723,23173428,56826706,8,9,26,43,220432724,632023743,48246650,632023743,138415968.75,127852477.77777778,44564284.615384616,79457475.58139534,91.91,81.03,104.91,94.94,102.18,92.46,97.63,86.5,23093.0,19309.0,11249.0,10765.0,484.0,58.26,4.3,88.35,7345.08,20,0,220432724,6,2,632023743,8,1,48246650,16,10,632023743,30,0,0,0,1.24,-0.62,6.2,-10.54
2011-11,1660151950,478648700,1035673500,3174474150,33203039,4786487,20713470,58702996,9,8,26,43,505069343,202166964,43777150,505069343,184461327.7777778,59831087.5,39833596.15384615,73824980.23255815,91.89,81.15,103.3,95.0,102.2,92.57,97.2,86.93,23101.0,19326.0,11270.0,10788.0,482.0,58.32,4.28,85.95,7275.44,22,0,505069343,7,2,202166964,7,1,43777150,14,12,505069343,28,0,0,0,1.03,-0.45,1.65,-12.87
2011-12,1704649150,699336700,1064609800,3468595650,34092983,6993367,21292196,62378546,9,9,27,45,532171575,427699272,37394550,532171575,189405461.1111111,77704077.77777778,39429992.59259259,77079903.33333333,92.09,82.4,100.22,94.98,101.85,92.47,97.14,86.71,23111.0,19342.0,11273.0,10802.0,471.0,58.28,4.18,82.7,6969.15,22,0,532171575,9,0,427699272,9,0,37394550,12,15,532171575,30,0,0,0,2.03,-0.49,-3.3,-20.6
2012-01,4950277100,2198935100,1210006050,8359218250,99005542,21989351,24200121,145195014,9,9,26,44,819369865,1111389810,37942100,1111389810,550030788.8888888,244326122.2222222,46538694.23076923,189982232.95454547,92.38,81.9,93.61,95.24,102.06,92.5,98.04,92.03,23116.0,19359.0,11280.0,10808.0,472.0,58.27,4.18,83.15,7176.74,15,0,819369865,6,3,1111389810,8,1,37942100,14,12,1111389810,28,1,0,0,2.36,-0.46,-6.7,-20.0
2012-02,4227821500,565142000,1090177650,5883141150,84556430,5651420,21803553,112011403,8,8,25,41,1712238207,313902537,38772850,1712238207,528477687.5,70642750.0,43607106.0,143491247.5609756,91.15,80.17,89.79,95.14,102.13,92.29,97.11,87.66,23118.0,19372.0,11270.0,10790.0,479.0,58.18,4.25,83.5,7855.93,20,0,1712238207,7,1,313902537,8,0,38772850,11,14,1712238207,26,0,0,0,0.24,-0.44,-6.3,-10.14
2012-03,1959624900,589991400,1112620650,3662236950,39192498,5899914,22252413,67344825,9,9,27,45,569883813,376794875,40929400,569883813,217736100.0,65554600.0,41208172.222222224,81383043.33333333,91.27,80.27,87.88,95.33,102.33,92.44,97.54,87.64,23123.0,19385.0,11276.0,10806.0,470.0,58.17,4.17,84.45,8020.0,23,0,569883813,8,1,376794875,8,1,40929400,15,12,569883813,31,0,0,0,1.26,-0.31,-3.55,-6.01
2012-04,1333082750,446061400,945640650,2724784800,26661655,4460614,18912813,50035082,8,9,25,42,381047214,228321338,36111550,381047214,166635343.75,49562377.777777776,37825626.0,64875828.571428575,92.11,80.03,103.52,95.31,104.33,92.7,97.9,88.56,23128.0,19399.0,11281.0,10818.0,463.0,58.15,4.1,83.35,7620.82,20,0,381047214,7,1,228321338,8,1,36111550,13,12,381047214,28,0,0,0,1.44,-0.19,-5.95,-14.0
2012-05,1221881900,484589400,981234150,2687705450,24437638,4845894,19624683,48908215,9,9,27,45,211419772,272931831,33702550,272931831,135764655.55555555,53843266.666666664,36342005.55555555,59726787.777777776,92.57,81.98,101.39,95.32,103.37,92.61,98.18,88.29,23135.0,19413.0,11300.0,10834.0,466.0,58.21,4.12,81.95,7356.84,22,0,211419772,6,3,272931831,8,1,33702550,11,16,272931831,25,0,0,0,1.75,-0.15,-8.6,-17.44
2012-06,1378937200,690632400,987849550,3057419150,27578744,6906324,19756991,54242059,9,8,26,43,434016907,490378742,41431100,490378742,153215244.44444445,86329050.0,37994213.461538464,71102770.93023255,93.16,83.22,98.18,96.7,102.22,92.88,98.46,88.93,23143.0,19428.0,11331.0,10854.0,477.0,58.32,4.21,80.15,7142.52,21,0,434016907,6,3,490378742,8,0,41431100,13,13,490378742,27,0,1,0,1.77,-0.14,-10.7,-18.36
2012-07,2377850700,3750838100,1067602700,7196291500,47557014,37508381,21352054,106417449,9,9,26,44,838138979,1891014845,43140300,1891014845,264205633.33333337,416759788.8888889,41061642.307692304,163552079.54545453,93.52,84.05,94.21,96.87,102.58,92.82,99.61,88.51,23149.0,19442.0,11372.0,10883.0,490.0,58.49,4.31,78.5,7187.14,22,0,838138979,7,2,1891014845,9,0,43140300,11,15,1891014845,27,0,0,0,2.47,-0.1,-15.05,-17.21
2012-08,1384183200,502207400,1004715500,2891106100,27683664,5022074,20094310,52800048,9,9,27,45,420394461,223956516,34579150,420394461,153798133.33333334,55800822.222222224,37211685.18518519,64246802.222222224,94.43,86.61,91.17,97.07,104.29,92.81,99.3,88.38,23156.0,19456.0,11403.0,10901.0,502.0,58.61,4.4,75.35,7409.6,22,0,420394461,9,0,223956516,7,2,34579150,13,14,420394461,29,0,0,0,3.43,-0.05,-18.2,-4.56
2012-09,1512632800,431943900,957641850,2902218550,30252656,4319439,19152837,53724932,8,8,25,41,570648193,228079602,41196700,570648193,189079100.0,53992987.5,38305674.0,70785818.29268293,94.12,85.7,89.84,97.3,104.75,92.83,98.43,88.98,23161.0,19471.0,11369.0,10878.0,491.0,58.39,4.32,72.9,7610.38,20,0,570648193,6,2,228079602,7,1,41196700,11,14,570648193,24,0,0,1,2.95,0.04,-19.9,3.05
2012-10,2195982100,673501500,1067064100,3936547700,43919642,6735015,21341282,71995939,9,9,27,45,1006264514,448332222,46173800,1006264514,243998011.1111111,74833500.0,39520892.59259259,87478837.77777778,94.05,84.46,107.84,96.27,104.74,93.1,98.54,88.17,23171.0,19487.0,11391.0,10897.0,493.0,58.45,4.33,71.3,7438.14,22,0,1006264514,6,3,448332222,9,0,46173800,13,14,1006264514,28,0,0,0,2.33,0.03,-17.05,1.27
2012-11,1141588350,2238773200,967288400,4347649950,22831767,22387732,19345768,64565267,9,9,26,44,195402330,1228181357,36909300,1228181357,126843150.0,248752577.7777778,37203400.0,98810226.13636364,93.35,83.0,105.05,96.24,104.12,93.25,97.75,88.72,23181.0,19503.0,11405.0,10918.0,487.0,58.48,4.27,73.3,7255.63,22,0,195402330,6,3,1228181357,9,0,36909300,12,14,1228181357,27,0,0,0,1.59,-0.01,-12.65,-0.27
2012-12,1163197350,3003384500,1033846600,5200428450,23263947,30033845,20676932,73974724,8,9,26,43,275568351,2281163003,38103900,2281163003,145399668.75,333709388.8888889,39763330.76923077,120940196.51162793,93.58,83.93,101.99,96.26,104.15,93.63,97.64,89.09,23191.0,19518.0,11408.0,10931.0,477.0,58.45,4.18,72.5,7630.81,21,0,275568351,7,1,2281163003,7,2,38103900,14,12,2281163003,28,0,0,0,1.62,0.0,-10.2,9.49
2013-01,1256253950,571009800,1086426750,2913690500,25125079,5710098,21728535,52563712,9,9,27,45,288202948,253361610,36097000,288202948,139583772.2222222,63445533.333333336,40238027.777777776,64748677.777777776,93.41,83.84,96.94,96.23,104.42,93.24,97.98,88.84,23199.0,19531.0,11410.0,10935.0,475.0,58.42,4.16,73.85,7759.25,22,0,288202948,7,2,253361610,8,1,36097000,14,13,288202948,29,0,0,0,1.11,-0.02,-9.3,8.12
2013-02,5854569550,565724400,1114998300,7535292250,117091391,5657244,22299966,145048601,11,8,24,43,704271885,257812524,40034400,704271885,532233595.45454544,70715550.0,46458262.5,175239354.6511628,93.85,82.51,93.12,96.39,105.71,93.42,100.8,92.62,23203.0,19544.0,11398.0,10915.0,483.0,58.32,4.24,76.15,7932.68,13,0,704271885,8,3,257812524,8,0,40034400,12,12,704271885,28,1,0,0,2.96,-0.01,-7.35,0.98
2013-03,1270132600,730041800,1049089650,3049264050,25402652,7300418,20981793,53684863,9,8,26,43,225890748,512642707,40213000,512642707,141125844.44444445,91255225.0,40349601.92307692,70913117.44186047,92.5,81.26,91.63,96.48,104.52,93.74,97.59,88.81,23206.0,19555.0,11396.0,10921.0,475.0,58.28,4.17,76.6,7906.99,21,0,225890748,6,3,512642707,8,0,40213000,10,16,512642707,24,0,0,0,1.35,0.0,-7.85,-1.41
2013-04,1241395650,3585184900,1017979500,5844560050,24827913,35851849,20359590,81039352,9,9,26,44,292090432,1752264500,36891500,1752264500,137932850.0,398353877.7777778,39153057.692307696,132830910.22727272,93.08,81.89,101.47,96.48,103.95,93.66,98.16,89.1,23208.0,19564.0,11392.0,10929.0,464.0,58.23,4.07,76.85,7893.42,20,0,292090432,8,1,1752264500,8,1,36891500,13,13,1752264500,29,0,0,0,1.05,-0.03,-6.5,3.58
2013-05,1418426850,515442300,1027898500,2961767650,28368537,5154423,20557970,54080930,9,9,27,45,466521329,216676414,47262800,466521329,157602983.33333334,57271366.666666664,38070314.81481481,65817058.88888889,93.25,83.2,100.03,96.48,103.52,93.78,97.77,88.62,23212.0,19573.0,11401.0,10939.0,463.0,58.25,4.06,74.7,8272.34,22,0,466521329,8,1,216676414,9,0,47262800,13,14,466521329,30,0,0,0,0.73,-0.06,-7.25,12.44
2013-06,1526720750,1254465500,918542900,3699729150,30534415,12544655,18370858,61449928,8,8,25,41,637737987,841438436,39836650,841438436,190840093.75,156808187.5,36741716.0,90237296.34146342,93.72,83.6,97.88,97.54,103.52,93.96,98.26,89.38,23216.0,19583.0,11432.0,10959.0,473.0,58.38,4.14,71.65,7988.8,19,0,637737987,7,1,841438436,8,0,39836650,12,13,841438436,27,0,1,0,0.6,-0.07,-8.5,11.85
2013-07,1251971950,5520538100,1039735700,7812245750,25039439,55205381,20794714,101039534,9,9,27,45,294065185,2836789806,38215750,2836789806,139107994.44444445,613393122.2222222,38508729.62962963,173605461.1111111,93.58,82.98,94.9,97.59,103.23,93.97,99.7,88.74,23221.0,19592.0,11471.0,10984.0,487.0,58.55,4.25,71.0,8101.91,23,0,294065185,7,2,2836789806,8,1,38215750,13,14,2836789806,28,0,0,0,0.06,-0.06,-7.5,12.73
2013-08,1030066450,545736500,940371850,2516174800,20601329,5457365,18807437,44866131,9,9,27,45,252482810,256331605,35631800,256331605,114451827.77777778,60637388.88888889,34828587.03703704,55914995.55555555,93.69,83.66,91.21,97.66,103.66,94.0,99.38,88.99,23224.0,19602.0,11498.0,11000.0,497.0,58.66,4.33,71.35,7927.5,22,0,252482810,8,1,256331605,9,0,35631800,12,15,256331605,29,0,0,0,-0.78,-0.07,-4.0,6.99
2013-09,1260919600,1388977900,898455350,3548352850,25218392,13889779,17969107,57077278,8,9,25,42,502174507,916247496,35436850,916247496,157614950.0,154330877.7777778,35938214.0,84484591.66666667,94.92,87.73,89.92,97.8,104.12,93.98,99.17,89.33,23226.0,19611.0,11466.0,10980.0,486.0,58.47,4.24,71.0,8193.46,20,0,502174507,5,3,916247496,8,1,35436850,13,12,916247496,26,0,0,1,0.85,-0.08,-1.9,7.66
2013-10,1058901800,1730809000,985020400,3774731200,21178036,17308090,19700408,58186534,9,9,27,45,229778025,1407475579,34320950,1407475579,117655755.55555557,192312111.1111111,36482237.03703704,83882915.55555555,94.66,86.93,103.89,96.85,103.47,93.69,98.53,88.28,23230.0,19620.0,11483.0,10996.0,487.0,58.52,4.24,71.2,8366.18,22,0,229778025,7,2,1407475579,8,1,34320950,14,13,1407475579,29,0,0,0,0.65,-0.09,-0.1,12.48
2013-11,1205782950,665352300,942545200,2813680450,24115659,6653523,18850904,49620086,9,8,26,43,444408550,676688609,39247350,676688609,133975883.33333331,83169037.5,36251738.461538464,65434429.069767445,93.98,85.24,102.09,96.99,103.1,93.9,97.7,88.52,23235.0,19630.0,11497.0,11019.0,478.0,58.57,4.16,71.7,8236.52,21,0,444408550,7,2,676688609,8,0,39247350,10,16,676688609,25,0,0,0,0.67,-0.11,-1.6,13.52
2013-12,1558256600,3405086100,987239600,5950582300,31165132,34050861,19744792,84960785,9,9,26,44,568031223,1841687772,36214100,1841687772,173139622.2222222,378342900.0,37970753.84615385,135240506.8181818,93.89,85.06,99.25,97.07,103.39,94.06,97.37,89.19,23241.0,19639.0,11498.0,11029.0,469.0,58.55,4.08,69.85,8431.4,22,0,568031223,8,1,1841687772,7,2,36214100,14,12,1841687772,29,0,0,0,0.33,-0.1,-2.65,10.49
2014-01,2402279100,681313700,1130334950,4213927750,48045582,6813137,22606699,77465418,10,9,27,46,510859037,244726742,39251950,510859037,240227910.0,75701522.22222222,41864257.40740741,91607125.0,94.18,84.67,95.81,96.98,103.47,93.92,98.66,93.44,23244.0,19649.0,11498.0,11036.0,462.0,58.52,4.02,73.25,8566.62,18,0,510859037,8,2,244726742,9,0,39251950,13,14,510859037,30,1,0,0,0.82,-0.14,-0.6,10.41
2014-02,2828283050,2116667500,1036402150,5981352700,56565661,21166675,20728043,98460379,11,8,24,43,668825176,1157825063,40630347,1157825063,257116640.9090909,264583437.5,43183422.916666664,139101225.58139536,93.81,84.64,92.52,97.07,103.48,94.18,98.76,89.85,23245.0,19658.0,11489.0,11019.0,470.0,58.44,4.09,75.75,8496.09,17,0,668825176,7,4,1157825063,8,0,40630347,11,13,1157825063,26,0,0,0,-0.04,-0.15,-0.4,7.1
2014-03,908744050,1893832500,1008703950,3811280500,18174881,18938325,20174079,57287285,8,9,26,43,165636331,1649912047,37096900,1649912047,113593006.25,210425833.33333337,38796305.76923077,88634430.23255815,93.99,85.86,90.67,97.18,103.61,94.38,97.51,90.16,23245.0,19667.0,11490.0,11027.0,463.0,58.42,4.03,73.7,8687.45,21,0,165636331,5,3,1649912047,7,2,37096900,15,11,1649912047,27,0,0,0,1.61,-0.14,-2.9,9.87
2014-04,934000750,541922000,944627150,2420549900,18680015,5419220,18892543,42991778,9,8,26,43,195944047,313148766,39286400,313148766,103777861.1111111,67740250.0,36331813.461538464,56291858.13953488,94.62,86.11,103.02,97.21,103.35,94.49,98.26,90.41,23248.0,19676.0,11489.0,11040.0,449.0,58.39,3.91,76.7,8900.14,21,0,195944047,5,4,313148766,8,0,39286400,14,12,313148766,27,0,0,0,1.65,-0.16,-0.15,12.75
2014-05,1013843200,1118824200,924761250,3057428650,20276864,11188242,18495225,49960331,9,9,27,45,423450647,883762278,37165600,883762278,112649244.44444443,124313800.0,34250416.666666664,67942858.8888889,94.76,86.79,101.92,97.21,103.39,94.33,98.28,90.22,23251.0,19687.0,11496.0,11052.0,443.0,58.39,3.85,78.65,8936.23,21,0,423450647,8,1,883762278,9,0,37165600,15,12,883762278,32,0,0,0,1.62,-0.21,3.95,8.03
2014-06,818923050,1864630800,883064700,3566618550,16378461,18646308,17661294,52686063,8,9,25,42,142049147,1426709226,35604850,1426709226,102365381.25,207181200.0,35322588.0,84919489.28571428,95.25,86.78,100.04,98.67,103.72,94.6,98.79,90.75,23256.0,19698.0,11513.0,11062.0,451.0,58.45,3.92,81.8,9229.31,20,0,142049147,6,2,1426709226,8,1,35604850,12,13,1426709226,26,0,1,0,1.63,-0.22,10.15,15.53
2014-07,1082731100,567398600,941108450,2591238150,21654622,5673986,18822169,46150777,9,9,27,45,360227761,297080003,33778200,360227761,120303455.55555557,63044288.88888889,34855868.518518515,57583070.0,95.22,86.53,97.31,98.75,103.89,94.58,99.76,90.1,23261.0,19709.0,11555.0,11091.0,464.0,58.63,4.02,85.25,9475.22,23,0,360227761,8,1,297080003,9,0,33778200,15,12,360227761,32,0,0,0,1.75,-0.23,14.25,16.95
2014-08,884950450,847423400,902071600,2634445450,17699009,8474234,18041432,44214675,9,8,26,43,145981401,565786745,34480450,565786745,98327827.77777778,105927925.0,34695061.538461536,61266173.25581395,95.64,88.35,93.69,99.09,103.6,94.49,99.62,89.97,23267.0,19722.0,11583.0,11110.0,473.0,58.73,4.08,77.4,9266.46,21,0,145981401,6,3,565786745,8,0,34480450,13,13,565786745,27,0,0,0,2.08,-0.25,6.05,16.89
2014-09,980727550,826334000,1018426950,2825488500,19614551,8263340,20368539,48246430,9,9,26,44,278955351,627255144,44897800,627255144,108969727.77777778,91814888.8888889,39170267.307692304,64215647.72727273,95.59,88.97,92.8,99.12,102.72,94.65,98.73,90.56,23272.0,19731.0,11557.0,11099.0,458.0,58.57,3.96,77.75,9229.01,21,0,278955351,7,2,627255144,7,2,44897800,13,13,627255144,27,0,0,1,0.71,-0.28,6.75,12.64
2014-10,919089550,566772900,998163250,2484025700,18381791,5667729,19963265,44012785,9,9,27,45,150895455,259118848,36180100,259118848,102121061.1111111,62974766.666666664,36969009.25925926,55200571.11111111,95.66,89.83,105.84,97.68,101.69,94.3,98.46,89.53,23278.0,19742.0,11577.0,11120.0,457.0,58.64,3.95,77.85,8819.21,22,0,150895455,6,3,259118848,9,0,36180100,11,16,259118848,26,0,0,0,1.06,-0.29,6.65,5.42
2014-11,951095200,684507600,916966200,2552569000,19021904,6845076,18339324,44206304,8,8,25,41,320892077,472503933,38913647,472503933,118886900.0,85563450.0,36678648.0,62257780.487804875,94.78,88.35,103.11,97.57,100.45,94.44,97.38,89.75,23285.0,19755.0,11588.0,11137.0,451.0,58.66,3.89,78.5,9015.87,20,0,320892077,7,1,472503933,7,1,38913647,11,14,472503933,25,0,0,0,0.85,-0.27,6.8,9.46
2014-12,984358150,2552347800,996941550,4533647500,19687163,25523478,19938831,65149472,9,9,27,45,244845838,1330759885,37125200,1330759885,109373127.77777778,283594200.0,36923761.11111111,100747722.22222222,94.46,88.74,100.46,97.34,98.3,94.34,97.36,89.86,23294.0,19766.0,11590.0,11151.0,439.0,58.64,3.79,82.9,9109.31,24,0,244845838,8,1,1330759885,9,0,37125200,12,15,1330759885,29,0,0,0,0.61,-0.29,13.05,8.04
2015-01,1275883450,3111276800,1063456550,5450616800,25517669,31112768,21269131,77899568,9,9,27,45,408289487,2325446031,35774300,2325446031,141764827.7777778,345697422.2222222,39387279.62962963,121124817.77777778,93.3,88.45,96.92,94.87,96.1,94.45,97.16,89.99,23300.0,19777.0,11589.0,11159.0,430.0,58.6,3.71,85.1,9281.74,20,0,408289487,8,1,2325446031,8,1,35774300,14,13,2325446031,30,0,0,0,-0.93,-0.31,11.85,8.35
2015-02,3482886150,1085895800,1013384950,5582166900,69657723,10858958,20267699,100784380,13,8,24,45,614407269,706322836,39800250,706322836,267914319.2307692,135736975.0,42224372.916666664,124048153.33333331,93.62,87.26,93.09,95.02,96.74,94.38,99.52,94.09,23305.0,19789.0,11588.0,11160.0,428.0,58.56,3.69,85.6,9505.55,13,0,614407269,10,3,706322836,8,0,39800250,15,9,706322836,33,1,0,0,-0.2,-0.4,9.85,11.88
2015-03,1456339950,2361089100,1022420350,4839849400,29126799,23610891,20448407,73186097,9,9,26,44,532967873,1446149089,37884850,1446149089,161815550.0,262343233.33333337,39323859.615384616,109996577.27272728,93.41,87.09,91.38,96.76,97.0,94.62,97.52,90.41,23308.0,19799.0,11593.0,11162.0,431.0,58.55,3.72,87.65,9611.3,22,0,532967873,8,1,1446149089,9,0,37884850,12,14,1446149089,29,0,0,0,-0.62,-0.31,13.95,10.63
2015-04,879658200,5564007900,964424250,7408090350,17593164,55640079,19288485,92521728,8,9,26,43,210540360,3380505101,38258894,3380505101,109957275.0,618223100.0,37093240.384615384,172281170.93023255,93.84,87.39,102.44,96.16,97.18,94.44,98.1,90.41,23310.0,19810.0,11591.0,11170.0,421.0,58.51,3.63,88.45,9679.93,20,0,210540360,7,1,3380505101,8,1,38258894,13,13,3380505101,28,0,0,0,-0.82,-0.28,11.75,8.76
2015-05,1301699650,421783000,857602400,2581085050,26033993,4217830,17152048,47403871,9,8,26,43,511919345,185440197,36919950,511919345,144633294.44444445,52722875.0,32984707.692307692,60025233.72093023,94.07,87.56,100.76,96.5,98.32,94.36,98.07,90.44,23314.0,19823.0,11600.0,11179.0,420.0,58.52,3.62,86.65,9689.3,20,0,511919345,9,0,185440197,8,0,36919950,13,13,511919345,30,0,0,0,-0.73,-0.23,8.0,8.43
2015-06,1100108900,654872300,838819550,2593800750,22002178,6548723,16776391,45327292,9,9,26,44,564050805,588076124,35912547,588076124,122234322.22222222,72763588.8888889,32262290.384615384,58950017.04545455,94.72,88.41,98.48,97.88,98.07,94.57,98.77,90.82,23319.0,19834.0,11617.0,11185.0,431.0,58.57,3.71,84.6,9355.1,21,0,564050805,6,3,588076124,8,1,35912547,11,15,588076124,25,0,1,0,-0.56,-0.21,2.8,1.36
2015-07,988407200,1336599200,846249700,3171256100,19768144,13365992,16924994,50059130,9,9,27,45,357878206,999418028,36336400,999418028,109823022.22222222,148511022.2222222,31342581.48148148,70472357.77777778,94.62,88.06,95.68,98.03,97.67,94.71,99.86,90.14,23319.0,19843.0,11656.0,11211.0,445.0,58.74,3.82,81.35,8961.71,23,0,357878206,9,0,999418028,9,0,36336400,12,15,999418028,30,0,0,0,-0.63,-0.2,-3.9,-5.42
2015-08,710648950,3218257300,822461300,4751367550,14212979,32182573,16449226,62844778,8,9,26,43,129776593,2047766499,35012200,2047766499,88831118.75,357584144.4444444,31633126.923076924,110496919.76744184,95.21,91.06,93.09,98.0,96.58,94.7,99.67,90.23,23320.0,19856.0,11686.0,11230.0,456.0,58.85,3.9,77.2,8156.22,21,0,129776593,6,2,2047766499,9,0,35012200,13,13,2047766499,28,0,0,0,-0.45,-0.18,-0.2,-11.98
2015-09,1098967550,3357450500,878170350,5334588400,21979351,33574505,17563407,73117263,9,8,26,43,508311909,3112695985,40294050,3112695985,122107505.55555557,419681312.5,33775782.692307696,124060195.3488372,95.87,94.21,92.21,97.95,95.86,94.98,98.67,90.57,23323.0,19870.0,11667.0,11213.0,454.0,58.72,3.89,76.65,8205.51,20,0,508311909,8,1,3112695985,7,1,40294050,13,13,3112695985,28,0,0,1,0.29,-0.07,-1.1,-11.09
2015-10,815997050,683589100,927342900,2426929050,16319941,6835891,18546858,41702690,9,9,27,45,173835652,513223679,44273900,513223679,90666338.8888889,75954344.44444445,34346033.333333336,53931756.666666664,95.95,94.42,104.61,96.38,96.38,94.89,98.66,89.53,23328.0,19887.0,11680.0,11225.0,455.0,58.73,3.9,76.35,8551.14,21,0,173835652,7,2,513223679,9,0,44273900,14,13,513223679,30,0,0,0,0.3,-0.05,-1.5,-3.04
2015-11,750439250,779055100,824755150,2354249500,15008785,7790551,16495103,39294439,8,9,25,42,264421744,705811153,34219450,705811153,93804906.25,86561677.77777778,32990206.0,56053559.52380952,95.29,92.99,102.35,96.49,95.51,94.84,97.74,90.33,23335.0,19903.0,11692.0,11235.0,457.0,58.74,3.91,76.7,8502.6,21,0,264421744,6,2,705811153,8,1,34219450,12,13,705811153,26,0,0,0,0.54,0.02,-1.8,-5.69
2015-12,780780800,482059200,892542900,2155382900,15615616,4820592,17850858,38287066,9,9,27,45,137126991,202558959,35853400,202558959,86753422.22222222,53562133.333333336,33057144.444444444,47897397.777777776,94.58,91.4,99.6,96.51,94.42,95.06,97.53,90.65,23343.0,19916.0,11695.0,11242.0,453.0,58.72,3.87,72.8,8298.22,23,0,137126991,7,2,202558959,9,0,35853400,13,14,202558959,29,0,0,0,0.13,0.08,-10.1,-8.9
2016-01,815885150,480095200,879744250,2175724600,16317703,4800952,17594885,38713540,9,8,26,43,171812844,341778798,33773650,341778798,90653905.55555557,60011900.0,33836317.307692304,50598246.511627905,94.05,90.86,95.37,96.37,93.26,95.0,97.55,90.2,23349.0,19927.0,11697.0,11244.0,453.0,58.7,3.87,72.25,7871.48,21,0,171812844,8,1,341778798,8,0,33773650,14,12,341778798,30,0,0,0,0.8,0.16,-12.85,-15.19
2016-02,2802535050,1101076700,903772800,4807384550,56050701,11010767,18075456,85136924,14,9,25,48,346119645,894314496,35724300,894314496,200181075.0,122341855.55555557,36150912.0,100153844.79166669,95.88,94.65,92.33,96.37,93.55,95.02,100.12,95.18,23351.0,19933.0,11693.0,11231.0,462.0,58.66,3.95,73.9,8246.53,13,0,346119645,9,5,894314496,9,0,35724300,11,14,894314496,29,1,0,0,2.41,0.26,-11.7,-13.25
2016-03,867443650,908304200,901160500,2676908350,17348873,9083042,18023210,44455125,9,9,27,45,256922374,1117733763,35903350,1117733763,96382627.77777778,100922688.8888889,33376314.814814813,59486852.222222224,95.29,94.61,91.41,96.4,94.47,95.26,97.65,91.36,23351.0,19937.0,11692.0,11237.0,455.0,58.64,3.89,73.65,8687.65,23,0,256922374,8,1,1117733763,7,2,35903350,12,15,1117733763,27,0,0,0,2.01,0.17,-14.0,-9.61
2016-04,802623250,418041400,860102300,2080766950,16052465,4180414,17202046,37434925,9,8,26,43,133063661,232414103,34243900,232414103,89180361.1111111,52255175.0,33080857.692307692,48389929.069767445,95.6,94.35,102.61,95.7,94.86,95.64,98.27,91.41,23353.0,19943.0,11693.0,11242.0,451.0,58.63,3.86,73.15,8567.99,19,0,133063661,7,2,232414103,8,0,34243900,13,13,232414103,28,0,0,0,1.88,0.23,-15.3,-11.49
2016-05,770811450,475316900,840570250,2086698600,15416229,4753169,16811405,36980803,9,9,26,44,161800184,324524158,35413800,324524158,85645716.66666667,52812988.88888889,32329625.0,47424968.18181818,95.23,92.66,100.79,95.71,96.12,95.44,98.2,91.91,23356.0,19949.0,11695.0,11247.0,449.0,58.63,3.84,73.05,8235.47,21,0,161800184,7,2,324524158,7,2,35413800,14,12,324524158,28,0,0,0,1.23,0.22,-13.6,-15.0
2016-06,880453100,582051400,919019350,2381523850,17609062,5820514,18380387,41809963,8,9,26,43,216441691,439192831,54586600,439192831,110056637.5,64672377.777777776,35346898.07692308,55384275.58139535,95.57,92.44,98.43,97.15,96.64,95.49,98.24,92.3,23360.0,19956.0,11710.0,11251.0,459.0,58.68,3.92,73.0,8595.42,21,0,216441691,7,1,439192831,9,0,54586600,11,15,439192831,27,0,1,0,0.9,0.21,-11.6,-8.12
2016-07,784263050,732690500,807608100,2324561650,15685261,7326905,16152162,39164328,9,8,26,43,260310379,668223037,34734300,668223037,87140338.8888889,91586312.5,31061850.0,54059573.25581395,95.79,92.92,96.02,97.21,96.42,95.42,99.66,91.74,23366.0,19965.0,11747.0,11275.0,472.0,58.84,4.02,73.6,8887.41,21,0,260310379,9,0,668223037,8,0,34734300,14,12,668223037,31,0,0,0,1.24,0.2,-7.75,-0.83
2016-08,765844100,1130297000,827040300,2723181400,15316882,11302970,16540806,43160658,9,9,27,45,306863197,1007404655,31840150,1007404655,85093788.8888889,125588555.55555557,30631122.222222224,60515142.222222224,95.75,93.44,94.12,97.21,95.96,95.65,99.35,91.62,23370.0,19972.0,11770.0,11290.0,480.0,58.93,4.08,73.35,9093.75,23,0,306863197,8,1,1007404655,8,1,31840150,15,12,1007404655,31,0,0,0,0.57,0.18,-3.85,11.49
2016-09,1367651350,425095000,767765100,2560511450,27353027,4250950,15355302,46959279,9,9,26,44,661433520,161522753,34431400,661433520,151961261.1111111,47232777.777777776,29529426.923076924,58193442.04545455,96.19,95.03,93.44,97.28,96.07,95.56,98.78,92.31,23372.0,19979.0,11745.0,11276.0,469.0,58.79,3.99,73.3,9136.93,21,0,661433520,8,1,161522753,8,1,34431400,15,11,661433520,31,0,0,1,0.33,0.1,-3.35,11.35
2016-10,1464171300,653129300,916707450,3034008050,29283426,6531293,18334149,54148868,8,9,26,43,910534380,576041762,52595797,910534380,183021412.5,72569922.22222222,35257978.84615385,70558326.74418604,97.58,99.36,105.49,96.08,96.68,95.68,98.84,91.36,23376.0,19988.0,11755.0,11291.0,464.0,58.81,3.95,72.85,9273.74,20,0,910534380,7,1,576041762,9,0,52595797,13,13,910534380,29,0,0,0,1.7,0.05,-3.5,8.45
2016-11,780259350,495834800,856968950,2133063100,15605187,4958348,17139379,37702914,9,8,26,43,133778917,627804142,37877450,627804142,86695483.33333333,61979350.0,32960344.230769232,49606118.60465116,97.17,98.95,102.73,96.13,95.98,95.86,97.89,91.59,23382.0,19996.0,11762.0,11307.0,455.0,58.82,3.87,72.65,9098.39,22,0,133778917,6,3,627804142,7,1,37877450,9,17,627804142,22,0,0,0,1.97,-0.04,-4.05,7.01
2016-12,839500000,464905700,910160000,2214565700,16790000,4649057,18203200,39642257,9,9,27,45,200755882,237961142,34565150,237961142,93277777.77777778,51656188.88888889,33709629.62962963,49212571.11111111,96.18,95.47,100.21,96.13,96.87,95.89,97.79,91.72,23388.0,20003.0,11761.0,11315.0,446.0,58.8,3.79,72.9,9245.26,22,0,200755882,8,1,237961142,9,0,34565150,17,10,237961142,34,0,0,0,1.69,-0.08,0.1,11.41
2017-01,2802233950,803215400,959877400,4565326750,56044679,8032154,19197548,83274381,12,9,26,47,388359518,728127629,38231750,728127629,233519495.83333337,89246155.55555555,36918361.538461536,97134611.70212768,96.16,93.56,95.52,96.38,97.65,95.93,99.32,95.43,23394.0,20011.0,11765.0,11320.0,445.0,58.79,3.78,71.4,9351.71,16,0,388359518,9,3,728127629,9,0,38231750,14,12,728127629,32,1,0,0,2.24,-0.09,-0.85,18.8
2017-02,1446313300,1215443400,939337050,3601093750,28926266,12154434,18786741,59867441,9,8,24,41,347281800,1019132961,38337350,1019132961,160701477.7777778,151930425.0,39139043.75,87831554.87804878,95.82,93.93,92.57,96.43,97.48,96.28,98.64,92.26,23396.0,20017.0,11760.0,11307.0,453.0,58.75,3.85,71.65,9673.98,18,0,347281800,5,4,1019132961,7,1,38337350,10,14,1019132961,22,0,0,0,-0.06,-0.1,-2.25,17.31
2017-03,932145000,527631800,973018800,2432795600,18642900,5276318,19460376,43379594,9,9,27,45,254876671,289939740,36297000,289939740,103571666.66666669,58625755.55555555,36037733.333333336,54062124.44444445,95.46,92.98,91.77,96.59,97.17,96.63,98.1,92.52,23397.0,20022.0,11758.0,11313.0,445.0,58.73,3.78,71.65,9796.3,23,0,254876671,8,1,289939740,9,0,36297000,15,12,289939740,32,0,0,0,0.18,-0.11,-2.0,12.76
2017-04,752486750,550271700,853042900,2155801350,15049735,5502717,17060858,37613310,8,8,25,41,197542382,424513906,35937900,424513906,94060843.75,68783962.5,34121716.0,52580520.73170732,95.69,92.08,101.78,96.62,97.1,97.04,98.51,93.2,23399.0,20030.0,11757.0,11325.0,432.0,58.7,3.67,71.6,9801.37,18,0,197542382,7,1,424513906,7,1,35937900,12,13,424513906,26,0,0,0,0.09,-0.19,-1.55,14.4
2017-05,1078430450,747071400,904258700,2729760550,21568609,7470714,18085174,47124497,9,9,27,45,405333005,632893970,37724400,632893970,119825605.55555557,83007933.33333333,33491062.962962963,60661345.55555555,95.8,92.62,100.54,96.65,96.69,97.35,98.48,93.56,23401.0,20038.0,11762.0,11331.0,431.0,58.7,3.66,71.55,9993.66,20,0,405333005,9,0,632893970,8,1,37724400,13,14,632893970,30,0,1,0,0.6,-0.18,-1.5,21.35
2017-06,890546100,488550500,860640700,2239737300,17810922,4885505,17212814,39909241,9,9,26,44,212175549,382145077,39336300,382145077,98949566.66666669,54283388.88888889,33101565.384615384,50903120.45454545,96.53,94.47,98.77,98.07,96.23,97.4,98.76,92.33,23403.0,20045.0,11777.0,11337.0,440.0,58.75,3.74,71.6,10259.0,23,0,212175549,7,2,382145077,9,0,39336300,14,12,382145077,30,0,0,0,1.0,-0.18,-1.4,19.35
2017-07,665221300,787078900,818929300,2271229500,13304426,7870789,16378586,37553801,8,9,26,43,135646274,638540730,24744500,638540730,83152662.5,87453211.1111111,31497280.769230768,52819290.697674416,96.53,94.06,95.98,98.08,96.52,97.4,99.97,92.26,23405.0,20052.0,11813.0,11360.0,454.0,58.91,3.84,71.55,10425.92,21,0,135646274,6,2,638540730,9,0,24744500,11,15,638540730,26,0,0,0,0.77,-0.18,-2.05,17.31
2017-08,830687650,2099018300,862743500,3792449450,16613753,20990183,17254870,54858806,9,9,27,45,248156183,1350038490,37565040,1350038490,92298627.77777778,233224255.55555555,31953462.962962963,84276654.44444445,96.67,94.69,92.92,98.27,96.94,97.46,99.71,92.25,23407.0,20059.0,11838.0,11377.0,461.0,59.01,3.89,73.75,10436.35,23,0,248156183,9,0,1350038490,9,0,37565040,16,11,1350038490,34,0,0,0,0.96,-0.19,0.4,14.76
2017-09,844289800,404432700,861701150,2110423650,16885796,4044327,17234023,38164146,9,8,26,43,312009229,150520078,32754950,312009229,93809977.77777778,50554087.5,33142351.923076924,49079619.76744186,96.66,94.83,92.26,98.46,97.16,97.56,98.64,93.07,23408.0,20065.0,11811.0,11366.0,445.0,58.86,3.77,75.85,10500.6,22,0,312009229,7,2,150520078,7,1,32754950,13,13,312009229,27,0,0,0,0.49,-0.22,2.55,14.92
2017-10,1205701000,720187800,914727600,2840616400,24114020,7201878,18294552,49610450,9,9,26,44,380986206,572669527,42396897,572669527,133966777.77777778,80020866.66666667,35181830.76923077,64559463.63636363,97.26,95.51,104.95,97.32,97.79,97.43,98.96,94.35,23410.0,20074.0,11825.0,11382.0,443.0,58.91,3.75,77.45,10683.85,19,0,380986206,9,0,572669527,9,0,42396897,13,13,572669527,31,0,0,1,-0.33,-0.2,4.6,15.21
2017-11,805783200,1247408200,860911000,2914102400,16115664,12474082,17218220,45807966,8,9,26,43,441424380,980950036,35877050,980950036,100722900.0,138600911.1111111,33111961.53846154,67769823.25581396,97.5,96.3,102.61,97.41,98.43,97.45,98.22,95.56,23415.0,20083.0,11837.0,11398.0,439.0,58.94,3.71,79.5,10743.3,22,0,441424380,7,1,980950036,9,0,35877050,14,12,980950036,30,0,0,0,0.34,-0.16,6.85,18.08
2017-12,1096947650,1130695300,885480250,3113123200,21938953,11306953,17709605,50955511,9,8,26,43,410342978,1258564597,39552689,1258564597,121883072.22222222,141336912.5,34056932.692307696,72398213.95348836,97.35,95.53,100.47,97.4,98.51,97.56,98.48,96.87,23419.0,20091.0,11838.0,11405.0,433.0,58.92,3.66,79.7,10501.4,21,0,410342978,9,0,1258564597,7,1,39552689,13,13,1258564597,29,0,0,0,1.22,-0.13,6.8,13.59
2018-01,918999900,486983100,946435800,2352418800,18379998,4869831,18928716,42178545,9,9,27,45,450504302,274592034,38110450,450504302,102111100.0,54109233.333333336,35053177.777777776,52275973.333333336,97.02,94.33,97.31,97.38,99.26,97.63,97.88,97.34,23421.0,20096.0,11839.0,11409.0,430.0,58.91,3.63,81.75,11005.38,22,0,450504302,7,2,274592034,9,0,38110450,13,14,450504302,29,0,0,0,0.89,-0.15,10.35,17.68
2018-02,3026342150,938075600,984015550,4948433300,60526843,9380756,19680311,89587910,12,8,24,44,384157333,734564880,40728350,734564880,252195179.16666663,117259450.0,41000647.916666664,112464393.1818182,97.93,94.84,94.25,97.46,99.68,97.9,100.44,100.5,23421.0,20101.0,11835.0,11397.0,438.0,58.88,3.7,82.85,10717.94,13,0,384157333,6,6,734564880,7,1,40728350,12,12,734564880,25,1,0,0,2.2,-0.15,11.2,10.79
2018-03,891091000,483533300,981216450,2355840750,17821820,4835333,19624329,42281482,9,9,27,45,185272797,214098782,34945550,214098782,99010111.1111111,53725922.222222224,36341350.0,52352016.666666664,96.98,94.2,93.39,97.52,98.99,97.89,98.42,97.99,23421.0,20105.0,11836.0,11403.0,433.0,58.87,3.66,83.3,10903.89,23,0,185272797,8,1,214098782,7,2,34945550,14,13,214098782,29,0,0,0,1.59,-0.12,11.65,11.31
2018-04,923196250,412417100,825822250,2161435600,18463925,4124171,16516445,39104541,8,9,25,42,417725116,171598473,36899700,417725116,115399531.25,45824122.222222224,33032890.0,51462752.38095238,97.61,94.57,101.83,97.59,99.32,98.08,98.74,98.28,23421.0,20110.0,11836.0,11406.0,431.0,58.86,3.64,82.55,10795.84,18,0,417725116,8,0,171598473,8,1,36899700,12,13,417725116,28,0,0,0,2.01,-0.03,10.95,10.15
2018-05,1916651850,350537900,800518350,3067708100,38333037,3505379,16010367,57848783,9,9,27,45,909005336,271643538,38579100,909005336,212961316.66666663,38948655.55555555,29648827.777777776,68171291.1111111,97.48,94.27,100.02,97.76,99.19,97.63,98.67,98.45,23421.0,20115.0,11841.0,11411.0,430.0,58.86,3.63,82.15,10817.68,22,0,909005336,9,0,271643538,7,2,38579100,16,11,909005336,32,0,0,0,1.75,-0.03,10.6,8.25
2018-06,995731000,316608000,753931600,2066270600,19914620,3166080,15078632,38159332,9,8,26,43,160693447,142768007,33342650,160693447,110636777.77777778,39576000.0,28997369.230769232,48052804.65116279,97.88,94.35,98.41,98.98,99.56,98.14,99.26,98.61,23422.0,20123.0,11857.0,11418.0,439.0,58.92,3.7,81.25,10986.51,20,0,160693447,6,3,142768007,7,1,33342650,12,14,160693447,25,0,1,0,1.4,-0.04,9.65,7.09
2018-07,801151750,378670400,752175200,1931997350,16023035,3786704,15043504,34853243,9,9,26,44,223933691,252599581,37180450,252599581,89016861.1111111,42074488.88888889,28929815.384615384,43909030.68181818,98.22,94.91,96.24,99.0,100.73,98.5,100.46,98.14,23425.0,20131.0,11896.0,11443.0,453.0,59.09,3.81,80.6,10840.22,22,0,223933691,9,0,252599581,9,0,37180450,13,13,252599581,31,0,0,0,1.75,-0.03,9.05,3.97
2018-08,1074077550,466534100,768427450,2309039100,21481551,4665341,15368549,41515441,9,9,27,45,472719077,416011429,34573800,472719077,119341950.0,51837122.222222224,28460275.925925925,51311980.0,98.16,95.41,94.25,99.08,100.66,98.56,100.27,97.6,23426.0,20137.0,11920.0,11459.0,461.0,59.19,3.87,80.7,10909.42,23,0,472719077,9,0,416011429,9,0,34573800,12,15,472719077,30,0,0,0,1.54,-0.02,6.95,4.53
2018-09,954910000,707746400,720986650,2383643050,19098200,7077464,14419733,40595397,8,8,25,41,200756049,628218221,36774400,628218221,119363750.0,88468300.0,28839466.0,58137635.36585366,98.32,97.18,93.97,99.21,99.95,98.47,98.94,97.79,23426.0,20144.0,11896.0,11449.0,447.0,59.05,3.76,82.7,10883.77,19,0,200756049,5,3,628218221,7,1,36774400,11,14,628218221,23,0,0,1,1.72,-0.01,6.85,3.65
2018-10,783120950,2263571800,806146650,3852839400,15662419,22635718,16122933,54421070,9,9,27,45,145999970,1414086667,37330300,1414086667,87013438.8888889,251507977.7777778,29857283.333333332,85618653.33333333,98.39,96.93,103.05,98.17,100.22,98.38,99.06,97.1,23427.0,20152.0,11906.0,11460.0,446.0,59.08,3.75,81.9,10088.36,22,0,145999970,7,2,1414086667,9,0,37330300,14,13,1414086667,30,0,0,0,1.16,0.0,4.45,-5.57
2018-11,800353200,1586632200,786467250,3173452650,16007064,15866322,15729345,47602731,9,9,26,44,246152028,1863579020,43865694,1863579020,88928133.33333333,176292466.66666666,30248740.384615384,72123923.86363636,97.78,95.85,101.48,98.14,99.07,98.32,98.1,97.39,23431.0,20160.0,11916.0,11475.0,441.0,59.11,3.7,81.95,9821.37,22,0,246152028,9,0,1863579020,7,2,43865694,14,12,1863579020,30,0,0,0,0.29,-0.01,2.45,-8.58
2018-12,845877400,432696700,818033000,2096607100,16917548,4326967,16360660,37605175,8,9,26,43,376983672,184050550,34081800,376983672,105734675.0,48077411.11111111,31462807.692307692,48758304.65116279,97.29,94.93,99.28,98.1,97.5,98.24,98.29,97.78,23435.0,20166.0,11916.0,11481.0,436.0,59.09,3.66,82.25,9747.11,21,0,376983672,7,1,184050550,9,0,34081800,14,12,376983672,30,0,0,0,-0.06,0.0,2.55,-7.18
2019-01,989026450,491378700,898045600,2378450750,19780529,4913787,17960912,42655228,9,9,27,45,320837008,286157715,36591200,320837008,109891827.77777778,54597633.333333336,33260948.14814815,52854461.11111111,97.19,95.09,95.73,98.02,97.69,98.51,98.24,97.83,23437.0,20169.0,11919.0,11485.0,434.0,59.09,3.64,82.8,9764.72,21,0,320837008,9,0,286157715,7,2,36591200,14,13,320837008,30,0,0,0,0.18,0.01,1.05,-11.27
2019-02,3765848900,842786200,886727950,5495363050,75316978,8427862,17734559,101479399,15,8,24,47,457609508,554775269,35658600,554775269,251056593.33333337,105348275.0,36946997.916666664,116922618.0851064,98.14,95.65,92.97,98.29,98.26,98.61,100.52,100.91,23438.0,20172.0,11916.0,11473.0,443.0,59.07,3.72,83.95,10210.04,13,0,457609508,10,5,554775269,8,0,35658600,10,14,554775269,28,1,0,0,0.21,0.02,1.1,-4.74
2019-03,831386900,400853000,839463550,2071703450,16627738,4008530,16789271,37425539,9,8,26,43,137774702,157087631,33466200,157087631,92376322.22222222,50106625.0,32287059.615384616,48179150.0,97.52,95.57,92.79,98.4,98.25,98.92,98.65,98.52,23437.0,20175.0,11916.0,11478.0,438.0,59.06,3.68,84.0,10445.22,20,0,137774702,5,4,157087631,7,1,33466200,13,13,157087631,25,0,0,0,0.56,0.02,0.7,-4.21
2019-04,805024200,445904400,808516950,2059445550,16100484,4459044,16170339,36729867,9,9,26,44,222593495,270481017,31788400,270481017,89447133.33333333,49544933.333333336,31096805.769230768,46805580.68181818,98.25,95.85,99.9,98.5,99.09,98.72,99.93,98.61,23437.0,20177.0,11918.0,11480.0,437.0,59.06,3.67,85.3,10892.15,20,0,222593495,8,1,270481017,8,1,31788400,16,10,270481017,32,0,0,0,0.66,0.03,2.75,0.89
2019-05,1068002250,550056900,820593850,2438653000,21360045,5500569,16411877,43272491,9,9,27,45,398178422,461799104,33932550,461799104,118666916.66666669,61117433.333333336,30392364.814814813,54192288.88888889,98.39,96.7,98.98,98.63,99.07,98.54,99.67,98.54,23437.0,20180.0,11921.0,11484.0,437.0,59.07,3.67,85.3,10574.49,22,0,398178422,8,1,461799104,9,0,33932550,14,13,461799104,31,0,0,0,0.93,0.04,3.15,-2.25
2019-06,1054768900,977348700,730227550,2762345150,21095378,9773487,14604551,45473416,8,8,25,41,329456969,758035348,31642050,758035348,131846112.5,122168587.5,29209102.0,67374271.95121951,98.71,97.5,97.02,99.62,98.37,98.85,100.16,98.67,23438.0,20186.0,11933.0,11488.0,445.0,59.12,3.73,86.45,10620.02,19,0,329456969,8,0,758035348,7,1,31642050,11,14,758035348,26,0,1,0,0.85,0.03,5.2,-3.34
2019-07,970360300,2220980500,793725900,3985066700,19407206,22209805,15874518,57491529,9,9,27,45,459611641,1483527323,25798200,1483527323,107817811.1111111,246775611.1111111,29397255.555555556,88557037.77777778,98.6,96.5,95.07,99.55,99.37,99.06,101.13,98.25,23439.0,20189.0,11968.0,11511.0,457.0,59.28,3.82,86.9,10845.7,23,0,459611641,7,2,1483527323,9,0,25798200,13,14,1483527323,29,0,0,0,0.39,0.01,6.3,0.05
2019-08,805249350,2503873700,816443500,4125566550,16104987,25038737,16328870,57472594,9,9,27,45,240545324,2239573397,32025150,2239573397,89472150.0,278208188.8888889,30238648.14814815,91679256.66666669,98.58,97.65,93.49,99.54,98.2,99.35,100.62,98.37,23441.0,20196.0,11992.0,11526.0,466.0,59.38,3.89,86.25,10470.29,22,0,240545324,9,0,2239573397,8,1,32025150,15,12,2239573397,32,0,0,0,0.43,0.02,5.55,-4.03
2019-09,1387806750,677410500,737852250,2803069500,27756135,6774105,14757045,49287285,8,9,25,42,569737698,509242034,24701050,569737698,173475843.75,75267833.33333333,29514090.0,66739750.0,98.73,99.08,93.1,99.57,97.23,99.36,99.82,98.9,23441.0,20199.0,11962.0,11507.0,455.0,59.22,3.8,86.35,10816.46,20,0,569737698,8,0,509242034,8,1,24701050,13,12,569737698,29,0,0,1,0.42,0.04,3.65,-0.62
2019-10,1487941750,704771300,831449150,3024162200,29758835,7047713,16628983,53435531,9,9,27,45,852777990,708572253,36479050,852777990,165326861.1111111,78307922.22222222,30794412.962962963,67203604.44444445,98.75,98.52,104.15,98.5,97.03,99.15,99.97,98.24,23442.0,20203.0,11968.0,11517.0,451.0,59.24,3.77,87.3,11139.82,21,0,852777990,7,2,708572253,7,2,36479050,16,11,852777990,30,0,0,0,0.37,0.02,5.4,10.42
2019-11,877905000,406225700,820561550,2104692250,17558100,4062257,16411231,38031588,9,8,26,43,247497991,178386233,31985600,247497991,97545000.0,50778212.5,31560059.615384616,48946331.39534884,98.35,97.64,101.73,98.49,96.95,99.39,99.29,98.37,23444.0,20208.0,11973.0,11526.0,447.0,59.25,3.73,89.95,11558.86,21,0,247497991,9,0,178386233,8,0,31985600,14,12,247497991,31,0,0,0,0.58,0.03,8.0,17.69
2019-12,886939150,517204000,826229050,2230372200,17738783,5172040,16524581,39435404,9,9,26,44,294561440,345004119,36229350,345004119,98548794.44444443,57467111.11111111,31778040.384615384,50690277.27272727,98.41,97.76,99.99,98.56,97.27,99.25,99.38,98.61,23448.0,20214.0,11970.0,11531.0,439.0,59.22,3.67,93.1,11854.08,22,0,294561440,8,1,345004119,9,0,36229350,15,11,345004119,32,0,0,0,1.15,0.01,10.85,21.62
2020-01,2990189750,648339100,983394900,4621923750,59803795,6483391,19667898,85955084,15,9,27,51,356160843,410462972,43391750,410462972,199345983.33333337,72037677.77777778,36422033.333333336,90625955.88235296,99.0,97.54,96.87,98.76,98.11,99.46,101.19,101.09,23450.0,20221.0,11972.0,11536.0,436.0,59.21,3.64,93.85,11962.32,15,0,356160843,12,3,410462972,8,1,43391750,17,10,410462972,37,1,0,0,1.86,0.0,11.05,22.51
2020-02,1436114050,555640000,912036550,2903790600,28722281,5556400,18240731,52519412,10,8,25,43,479436856,512251379,38108950,512251379,143611405.0,69455000.0,36481462.0,67530013.95348836,97.94,97.35,94.81,98.76,96.02,99.35,99.02,99.11,23449.0,20227.0,11966.0,11523.0,443.0,59.16,3.7,92.85,11623.7,19,0,479436856,9,1,512251379,7,1,38108950,14,11,512251379,30,0,0,0,-0.2,-0.02,8.9,13.85
2020-03,1063224100,438139000,911257900,2412621000,21264482,4381390,18225158,43871030,9,9,26,44,418426949,229479120,38415000,418426949,118136011.1111111,48682111.11111111,35048380.76923077,54832295.45454545,97.5,97.12,93.76,98.82,94.02,99.65,98.28,99.28,23446.0,20229.0,11957.0,11513.0,445.0,59.11,3.72,88.95,10138.09,22,0,418426949,9,0,229479120,9,0,38415000,14,12,418426949,32,0,0,0,-0.02,0.04,4.95,-2.94
2020-04,1691914600,496450100,906954050,3095318750,33838292,4964501,18139081,56941874,8,9,26,43,859329281,383119530,46138047,859329281,211489325.0,55161122.222222224,34882848.07692308,71984156.97674419,97.3,97.07,101.59,98.63,90.63,99.64,98.13,99.2,23441.0,20229.0,11948.0,11467.0,481.0,59.06,4.03,86.4,10329.48,20,0,859329281,8,0,383119530,8,1,46138047,9,17,859329281,25,0,0,0,-0.97,0.36,1.1,-5.17
2020-05,1369267000,706171400,901882750,2977321150,27385340,7061714,18037655,52484709,9,8,26,43,1070088576,605799091,35747450,1070088576,152140777.7777778,88271425.0,34687798.07692308,69240026.74418604,97.2,97.0,99.74,98.63,90.62,99.59,97.92,99.39,23436.0,20230.0,11948.0,11462.0,486.0,59.06,4.07,79.05,10876.94,20,0,1070088576,8,1,605799091,8,0,35747450,13,13,1070088576,29,0,0,0,-1.21,0.4,-6.25,2.86
2020-06,1142208600,1735297000,1006383100,3883888700,22844172,17352970,20127662,60324804,9,9,26,44,192285504,1181584966,51988300,1181584966,126912066.66666669,192810777.7777778,38707042.307692304,88270197.72727273,97.98,97.46,98.5,99.74,92.81,100.09,98.6,99.71,23433.0,20230.0,11950.0,11477.0,473.0,59.07,3.96,82.9,11489.68,20,0,192285504,7,2,1181584966,9,0,51988300,17,9,1181584966,33,0,1,0,-0.74,0.23,-3.55,8.19
2020-07,1032598600,6793515600,1013209200,8839323400,20651972,67935156,20264184,108851312,9,9,27,45,202988683,3633111827,43402150,3633111827,114733177.77777778,754835066.6666666,37526266.666666664,196429408.8888889,98.1,97.26,96.66,99.69,94.3,99.94,99.06,99.75,23429.0,20233.0,11977.0,11498.0,479.0,59.2,4.0,82.65,12256.21,23,0,202988683,7,2,3633111827,8,1,43402150,13,14,3633111827,28,0,0,0,-0.51,0.18,-4.25,13.01
2020-08,762043500,733347800,997531800,2492923100,15240870,7333478,19950636,42524984,8,9,26,43,160436250,496164371,41894900,496164371,95255437.5,81483088.8888889,38366607.692307696,57974955.81395349,98.25,97.82,95.14,99.76,94.52,100.09,99.21,99.86,23424.0,20234.0,11985.0,11507.0,478.0,59.23,3.99,84.85,12743.07,21,0,160436250,7,1,496164371,9,0,41894900,12,14,496164371,28,0,0,0,-0.33,0.1,-1.4,21.71
2020-09,1061192300,706452700,946241450,2713886450,21223846,7064527,18924829,47213202,9,8,26,43,161612636,680712721,36038100,680712721,117910255.55555557,88306587.5,36393901.92307692,63113638.37209302,98.16,98.36,94.47,99.76,93.99,100.01,98.4,99.8,23418.0,20234.0,11962.0,11504.0,458.0,59.12,3.83,83.0,12653.02,22,0,161612636,6,3,680712721,7,1,36038100,13,13,680712721,26,0,0,0,-0.58,0.03,-3.35,16.98
2020-10,1058328950,596206800,984521400,2639057150,21166579,5962068,19690428,46819075,9,9,27,45,193359740,330970587,46343000,330970587,117592105.55555557,66245200.0,36463755.55555555,58645714.44444445,98.49,98.24,104.17,98.78,94.71,99.75,98.91,99.43,23414.0,20235.0,11965.0,11510.0,455.0,59.13,3.8,83.8,12817.76,19,0,193359740,8,1,330970587,9,0,46343000,15,12,330970587,32,0,0,1,-0.26,0.03,-3.5,15.06
2020-11,864072400,603332400,906706950,2374111750,17281448,6033324,18134139,41448911,8,9,25,42,343555754,411012945,35560100,411012945,108009050.0,67036933.333333336,36268278.0,56526470.23809524,98.44,98.03,102.23,98.83,95.5,99.88,98.54,99.44,23411.0,20235.0,11970.0,11520.0,449.0,59.15,3.75,85.25,13393.84,21,0,343555754,8,0,411012945,7,2,35560100,12,13,411012945,27,0,0,0,0.09,0.02,-4.7,15.88
2020-12,1061063200,475752600,983592950,2520408750,21221264,4757526,19671859,45650649,9,9,27,45,488155897,210245178,42226000,488155897,117895911.1111111,52861400.0,36429368.518518515,56009083.333333336,98.45,98.07,101.19,98.94,96.04,99.8,98.44,99.3,23409.0,20236.0,11967.0,11527.0,440.0,59.14,3.68,84.9,14276.88,23,0,488155897,8,1,210245178,9,0,42226000,12,15,488155897,29,0,0,0,0.04,0.01,-8.2,20.44
2021-01,1081221750,501638000,965078900,2547938650,21624435,5016380,19301578,45942393,9,8,26,43,399250603,382947870,35995300,399250603,120135750.0,62704750.0,37118419.23076923,59254387.20930233,98.81,98.72,98.83,99.04,97.57,99.93,98.48,99.68,23401.0,20232.0,11965.0,11527.0,438.0,59.14,3.66,84.3,15552.2,20,0,399250603,9,0,382947870,8,0,35995300,12,14,399250603,29,0,0,0,-0.19,0.02,-9.55,30.01
2021-02,4027340250,1279491300,1059002550,6365834100,80546805,12794913,21180051,114521769,17,8,24,49,621486856,793716957,44323650,793716957,236902367.6470588,159936412.5,44125106.25,129914981.63265306,99.29,97.74,96.15,99.38,98.29,99.83,100.92,101.93,23390.0,20229.0,11957.0,11514.0,443.0,59.11,3.7,87.95,16080.79,13,0,621486856,10,7,793716957,8,0,44323650,11,13,793716957,29,1,0,0,1.38,0.0,-4.9,38.34
2021-03,932784650,1164409700,1086720600,3183914950,18655693,11644097,21734412,52034202,9,9,27,45,173095831,1018288346,44394700,1018288346,103642738.8888889,129378855.55555557,40248911.11111111,70753665.55555555,98.69,97.62,95.61,99.52,98.55,100.08,98.97,99.73,23379.0,20223.0,11960.0,11521.0,439.0,59.14,3.67,89.5,16150.15,22,0,173095831,6,3,1018288346,8,1,44394700,11,16,1018288346,25,0,0,0,1.22,-0.05,0.55,59.3
2021-04,854291150,546757600,983664850,2384713600,17085823,5467576,19673297,42226696,9,9,26,44,168432754,220240816,41443700,220240816,94921238.8888889,60750844.44444445,37833263.461538464,54198036.36363637,99.35,97.68,102.98,99.52,99.19,100.04,99.87,100.05,23366.0,20219.0,11959.0,11524.0,435.0,59.15,3.64,89.65,17114.84,19,0,168432754,7,2,220240816,8,1,41443700,14,12,220240816,29,0,0,0,2.11,-0.39,3.25,65.69
2021-05,708530350,509550800,855996950,2074078100,14170607,5095508,17119939,36386054,8,9,26,43,249578523,388769247,35122300,388769247,88566293.75,56616755.55555555,32922959.615384616,48234374.41860465,99.58,98.62,102.36,99.57,99.28,99.75,99.59,100.38,23353.0,20209.0,11887.0,11398.0,489.0,58.82,4.11,89.25,16504.42,21,0,249578523,8,0,388769247,9,0,35122300,14,12,388769247,31,0,0,0,2.45,0.04,10.2,51.74
2021-06,785745350,516560700,770903000,2073209050,15714907,5165607,15418060,36298574,9,8,26,43,393248628,572623325,31419950,572623325,87305038.8888889,64570087.5,29650115.384615384,48214163.95348837,99.77,99.58,100.84,99.64,99.97,99.55,99.57,99.92,23340.0,20201.0,11871.0,11301.0,570.0,58.76,4.8,86.8,17282.82,21,0,393248628,8,1,572623325,8,0,31419950,14,12,572623325,30,0,1,0,1.83,0.84,3.9,50.42
2021-07,773010300,1489216500,877525900,3139752700,15460206,14892165,17550518,47902889,9,9,27,45,234886949,996246153,31981500,996246153,85890033.33333333,165468500.0,32500959.259259257,69772282.22222222,99.97,99.64,98.64,100.21,100.83,99.77,99.87,99.9,23326.0,20192.0,11903.0,11364.0,539.0,58.95,4.53,89.1,17656.94,22,0,234886949,9,0,996246153,8,1,31981500,12,15,996246153,29,0,0,0,1.91,0.53,6.45,44.07
2021-08,1497893250,5988667800,964917750,8451478800,29957865,59886678,19298355,109142898,9,9,26,44,611643498,3158795257,40627550,3158795257,166432583.33333334,665407533.3333334,37112221.15384615,192079063.63636363,100.55,101.57,97.08,100.99,100.64,100.25,100.3,99.75,23308.0,20182.0,11904.0,11399.0,505.0,58.98,4.24,89.5,17131.01,22,0,611643498,8,1,3158795257,8,1,40627550,13,13,3158795257,29,0,0,0,2.34,0.25,4.65,34.43
2021-09,1229808150,627228500,921415000,2778451650,24596163,6272285,18428300,49296748,8,9,26,43,321012156,464682119,34521800,464682119,153726018.75,69692055.55555555,35439038.461538464,64615154.65116279,100.71,101.84,95.99,101.04,100.76,100.22,101.2,99.7,23288.0,20173.0,11888.0,11417.0,471.0,58.93,3.96,88.6,17281.23,20,0,321012156,7,1,464682119,9,0,34521800,11,15,464682119,27,0,0,1,2.6,0.13,5.6,36.58
2021-10,976389200,654303700,986711450,2617404350,19527784,6543037,19734229,45805050,9,8,26,43,208340050,625342472,40201850,625342472,108487688.8888889,81787962.5,37950440.384615384,60869868.60465116,101.0,102.14,105.09,100.21,101.55,99.9,100.61,99.17,23268.0,20165.0,11902.0,11445.0,456.0,59.02,3.83,88.9,16723.56,20,0,208340050,8,1,625342472,7,1,40201850,14,12,625342472,29,0,0,0,2.55,0.03,5.1,30.47
2021-11,820751400,515726000,909762200,2246239600,16415028,5157260,18195244,39767532,9,9,26,44,220513113,216821207,35144550,220513113,91194600.0,57302888.88888889,34990853.84615385,51050900.0,101.24,102.63,103.72,100.41,102.42,100.16,100.13,99.64,23250.0,20154.0,11913.0,11477.0,436.0,59.11,3.66,86.7,17489.18,22,0,220513113,8,1,216821207,9,0,35144550,12,14,220513113,29,0,0,0,2.84,-0.09,1.45,30.58
2021-12,835370450,605800800,949121300,2390292550,16707409,6058008,18982426,41747843,9,9,27,45,237359394,405986448,37585700,405986448,92818938.8888889,67311200.0,35152640.74074074,53117612.222222224,101.04,102.23,102.73,100.46,100.95,100.51,100.48,100.15,23230.0,20139.0,11914.0,11480.0,433.0,59.16,3.64,87.1,17845.35,22,0,237359394,8,1,405986448,9,0,37585700,15,12,405986448,32,0,0,0,2.63,-0.04,2.2,24.99
2022-01,1721525650,1072177100,982676300,3776379050,34430513,10721771,19653526,64805810,11,9,26,46,474059452,777287977,35886600,777287977,156502331.8181818,119130788.8888889,37795242.307692304,82095196.73913044,101.61,102.39,100.13,100.74,102.68,100.32,100.52,102.41,23207.0,20119.0,11905.0,11474.0,430.0,59.17,3.61,89.9,18232.86,18,0,474059452,10,1,777287977,9,0,35886600,14,12,777287977,33,0,0,0,2.83,-0.05,5.6,17.24
2022-02,3367008950,2026863900,1015966950,6409839800,67340179,20268639,20319339,107928157,15,8,24,47,423236952,1329326941,41201750,1329326941,224467263.33333337,253357987.5,42331956.25,136379570.21276596,101.6,102.9,98.75,100.76,103.16,100.48,101.5,100.83,23180.0,20099.0,11893.0,11458.0,434.0,59.17,3.65,90.0,18056.18,15,0,423236952,11,4,1329326941,7,1,41201750,12,12,1329326941,30,1,0,0,2.33,-0.05,2.05,12.28
2022-03,872363750,818567200,988495150,2679426100,17447275,8185672,19769903,45402850,9,9,27,45,213650214,581027881,35241750,581027881,96929305.55555557,90951911.1111111,36610931.481481485,59542802.222222224,101.92,103.37,98.31,101.07,104.39,100.91,100.52,101.36,23140.0,20063.0,11875.0,11440.0,435.0,59.19,3.66,89.5,17474.73,23,0,213650214,7,2,581027881,8,1,35241750,11,16,581027881,26,0,0,0,3.27,-0.01,0.0,8.2
2022-04,824713000,1435412800,921855800,3181981600,16494260,14354128,18437116,49285504,9,8,26,43,192729985,1049209837,35846050,1049209837,91634777.77777778,179426600.0,35455992.307692304,73999572.09302326,102.7,104.43,105.89,101.3,104.16,100.92,101.04,101.54,23088.0,20020.0,11844.0,11415.0,429.0,59.16,3.62,89.4,16998.78,19,0,192729985,7,2,1049209837,7,1,35846050,12,14,1049209837,26,0,0,0,3.37,-0.02,-0.25,-0.68
2022-05,993659350,581927200,830303550,2405890100,19873187,5819272,16606071,42298530,9,9,26,44,326941681,451318169,32946050,451318169,110406594.44444443,64658577.777777776,31934751.923076924,54679320.45454545,102.96,105.92,105.02,101.57,103.84,100.97,100.6,101.32,23051.0,19992.0,11805.0,11371.0,434.0,59.05,3.68,85.85,16191.99,21,0,326941681,7,2,451318169,8,1,32946050,10,16,451318169,25,0,0,0,3.39,-0.43,-3.4,-1.89
2022-06,860117150,854976100,833852900,2548946150,17202343,8549761,16677058,42429162,8,9,26,43,156652656,660336408,35376800,660336408,107514643.75,94997344.44444443,32071265.384615384,59277817.44186047,103.35,106.85,103.14,102.98,103.52,101.17,100.62,101.17,23037.0,19983.0,11815.0,11372.0,442.0,59.12,3.74,80.95,15889.21,21,0,156652656,6,2,660336408,8,1,35376800,10,16,660336408,24,0,1,0,3.59,-1.06,-5.85,-8.06
2022-07,793109050,456940000,874403650,2124452700,15862181,4569400,17488073,37919654,9,8,26,43,210353143,229453051,40814550,229453051,88123227.77777778,57117500.0,33630909.615384616,49405876.74418605,103.32,106.8,101.65,103.25,103.8,101.4,100.75,100.72,23034.0,19982.0,11845.0,11397.0,448.0,59.28,3.78,79.55,14566.25,21,0,210353143,8,1,229453051,7,1,40814550,13,13,229453051,28,0,0,0,3.35,-0.75,-9.55,-17.5
2022-08,865787850,576246900,917884750,2359919500,17315757,5762469,18357695,41435921,9,9,27,45,260340999,514582631,41812250,514582631,96198650.0,64027433.333333336,33995731.481481485,52442655.55555555,103.24,106.5,100.12,103.48,103.56,101.47,100.6,101.12,23038.0,19988.0,11851.0,11402.0,449.0,59.29,3.79,79.7,15117.98,23,0,260340999,7,2,514582631,9,0,41812250,11,16,514582631,27,0,0,0,2.68,-0.45,-9.8,-11.75
2022-09,1200675100,902029000,900389600,3003093700,24013502,9020290,18007792,51041584,9,9,26,44,193386008,731981827,37233950,731981827,133408344.44444443,100225444.44444443,34630369.23076923,68252129.54545455,103.49,107.23,99.42,103.63,103.01,101.58,101.24,101.54,23042.0,19994.0,11830.0,11397.0,433.0,59.17,3.66,78.9,14344.32,21,0,193386008,6,3,731981827,8,1,37233950,12,14,731981827,26,0,0,1,2.76,-0.3,-9.7,-16.99
2022-10,981585950,503804000,884104300,2369494250,19631719,5038040,17682086,42351845,8,9,26,43,406867997,248702566,37212950,406867997,122698243.75,55978222.222222224,34004011.538461536,55104517.44186047,103.77,107.42,107.05,102.64,103.12,101.84,101.86,101.35,23050.0,20008.0,11841.0,11410.0,431.0,59.18,3.64,78.45,13107.42,20,0,406867997,8,0,248702566,8,1,37212950,13,13,406867997,29,0,0,0,2.74,-0.19,-10.45,-21.62
2022-11,1133480200,443269600,923706350,2500456150,22669604,4432696,18474127,45576427,9,8,26,43,564769338,198696987,37950850,564769338,125942244.44444443,55408700.0,35527167.307692304,58150143.02325582,103.62,106.84,105.54,102.76,103.11,101.61,102.18,101.42,23068.0,20030.0,11858.0,11430.0,428.0,59.2,3.61,86.65,14067.26,22,0,564769338,8,1,198696987,8,0,37950850,13,13,564769338,29,0,0,0,2.35,-0.05,-0.05,-19.57
2022-12,847802300,567188900,977254450,2392245650,16956046,5671889,19545089,42173024,9,9,27,45,162318012,331903737,38083550,331903737,94200255.55555557,63020988.88888889,36194609.25925926,53161014.44444445,103.78,107.27,103.55,102.88,103.14,101.93,102.78,101.69,23094.0,20059.0,11869.0,11451.0,418.0,59.17,3.52,75.6,14512.77,22,0,162318012,6,3,331903737,8,1,38083550,11,16,331903737,25,0,0,0,2.71,-0.12,-11.5,-18.67
2023-01,3642809900,1237310200,1107642650,5987762750,72856198,12373102,22152853,107382153,17,9,26,52,425715145,592321247,44532700,592321247,214282935.2941177,137478911.1111111,42601640.384615384,115149283.65384616,104.71,107.81,101.11,103.23,103.87,101.98,105.02,105.05,23128.0,20090.0,11887.0,11471.0,416.0,59.17,3.5,76.85,14736.84,13,0,425715145,13,4,592321247,8,1,44532700,15,11,592321247,36,1,0,0,3.05,-0.11,-13.05,-19.17
2023-02,1684410100,1774457200,968596150,4427463450,33688202,17744572,19371923,70804697,12,8,24,44,386840859,975693960,39427700,975693960,140367508.33333334,221807150.0,40358172.916666664,100624169.3181818,104.06,107.34,99.96,103.22,103.73,102.38,103.6,102.88,23152.0,20117.0,11906.0,11485.0,420.0,59.18,3.53,78.7,15529.4,18,0,386840859,11,1,975693960,7,1,39427700,9,15,975693960,27,0,0,0,2.42,-0.12,-11.3,-13.99
2023-03,977583450,1356265700,1032220850,3366070000,19551669,13562657,20644417,53758743,9,9,27,45,430381043,1296649574,35781600,1296649574,108620383.33333331,150696188.8888889,38230401.85185185,74801555.55555555,104.32,108.41,99.53,103.38,103.56,102.46,103.32,103.03,23167.0,20132.0,11919.0,11494.0,424.0,59.2,3.56,80.75,15652.88,23,0,430381043,6,3,1296649574,7,2,35781600,12,15,1296649574,25,0,0,0,2.35,-0.1,-8.75,-10.43
2023-04,855870700,496689600,904225150,2256785450,17117414,4966896,18084503,40168813,8,8,25,41,309151945,261930359,35712000,309151945,106983837.5,62086200.0,36169006.0,55043547.56097561,105.11,108.82,105.16,103.66,104.14,102.77,104.36,103.72,23184.0,20148.0,11924.0,11506.0,417.0,59.18,3.5,79.3,15728.31,17,0,309151945,8,0,261930359,7,1,35712000,10,15,309151945,25,0,0,0,2.35,-0.12,-10.1,-7.47
2023-05,1100285550,516838000,959145300,2576268850,22005711,5168380,19182906,46356997,9,9,27,45,475178962,236643495,40798300,475178962,122253950.0,57426444.44444445,35523900.0,57250418.88888889,105.04,109.07,104.29,103.74,103.73,102.93,103.63,104.05,23197.0,20160.0,11920.0,11507.0,412.0,59.13,3.46,80.5,15955.7,22,0,475178962,8,1,236643495,9,0,40798300,11,16,475178962,28,0,0,0,2.02,-0.22,-5.35,-1.46
2023-06,1196352350,1031463800,890887200,3118703350,23927047,10314638,17817744,52059429,9,9,26,44,279581409,730831206,32977700,730831206,132928038.8888889,114607088.8888889,34264892.307692304,70879621.5909091,105.16,108.33,103.08,105.03,103.86,102.93,104.12,103.95,23210.0,20170.0,11935.0,11518.0,417.0,59.17,3.49,80.6,16983.74,20,0,279581409,7,2,730831206,8,1,32977700,13,13,730831206,28,0,1,0,1.75,-0.25,-0.35,6.89
2023-07,888789250,507524300,872942350,2269255900,17775785,5075243,17458847,40309875,8,9,26,43,291308484,205044329,38800050,291308484,111098656.25,56391588.88888889,33574705.76923077,52773393.02325582,105.26,108.17,102.78,105.18,104.34,103.88,104.43,103.69,23226.0,20181.0,11969.0,11543.0,426.0,59.31,3.56,80.9,17072.19,21,0,291308484,8,0,205044329,9,0,38800050,13,13,291308484,30,0,0,0,1.88,-0.22,1.35,17.2
2023-08,892333950,708938400,920231150,2521503500,17846679,7089384,18404623,43340686,9,9,27,45,361900071,453746416,38141100,453746416,99148216.66666669,78770933.33333333,34082635.18518519,56033411.11111111,105.85,110.17,101.16,105.32,105.37,103.83,104.32,103.67,23239.0,20188.0,11972.0,11546.0,426.0,59.3,3.56,80.75,16648.14,22,0,361900071,7,2,453746416,9,0,38141100,16,11,453746416,32,0,0,0,2.53,-0.23,1.05,10.12
2023-09,1218456350,1670452500,905178400,3794087250,24369127,16704525,18103568,59177220,9,8,26,43,333285133,994564495,36799850,994564495,135384038.8888889,208806562.5,34814553.84615385,88234587.20930232,106.52,112.36,100.55,105.51,105.36,104.29,104.19,104.3,23244.0,20194.0,11957.0,11541.0,416.0,59.21,3.48,80.0,16569.9,20,0,333285133,8,1,994564495,8,0,36799850,11,15,994564495,27,0,0,1,2.93,-0.18,1.1,15.52
2023-10,1016025850,749851100,922450700,2688327650,20320517,7498511,18449014,46268042,9,9,26,44,241773849,480408797,37588300,480408797,112891761.1111111,83316788.8888889,35478873.07692308,61098355.68181818,106.92,113.34,108.8,104.54,104.8,104.44,104.99,103.66,23250.0,20203.0,11969.0,11558.0,411.0,59.24,3.43,81.61,16422.4,20,0,241773849,8,1,480408797,8,1,37588300,10,16,480408797,26,0,0,0,3.04,-0.21,3.16,25.29
2023-11,1127424350,1265957300,933340900,3326722550,22548487,12659573,18666818,53874878,8,9,26,43,400292051,1019998403,36317800,1019998403,140928043.75,140661922.2222222,35897726.92307692,77365640.69767442,106.62,112.87,106.56,104.66,104.28,104.66,104.7,103.78,23255.0,20211.0,11977.0,11577.0,400.0,59.26,3.34,81.84,16977.86,22,0,400292051,8,0,1019998403,8,1,36317800,13,13,1019998403,29,0,0,0,2.9,-0.27,-4.81,20.69
2023-12,1091007550,563109300,930200900,2584317750,21820151,5631093,18604018,46055262,9,8,26,43,157123299,269906589,36698650,269906589,121223061.1111111,70388662.5,35776957.692307696,60100412.79069767,106.58,112.33,105.79,104.75,104.08,104.73,105.23,104.32,23260.0,20219.0,11982.0,11583.0,399.0,59.26,3.33,81.33,17569.98,21,0,157123299,6,3,269906589,7,1,36698650,16,10,269906589,29,0,0,0,2.7,-0.19,5.73,21.07
2024-01,914281150,583031200,1027937400,2525249750,18285623,5830312,20558748,44674683,9,9,27,45,150437239,216439933,36050250,216439933,101586794.44444443,64781244.44444445,38071755.55555555,56116661.11111111,106.59,112.24,103.59,105.03,104.43,105.13,104.96,104.75,23262.0,20227.0,11984.0,11587.0,397.0,59.25,3.31,82.94,17667.53,22,0,150437239,7,2,216439933,7,2,36050250,15,12,216439933,29,0,0,0,1.8,-0.19,6.09,19.89
2024-02,3929955750,1051837000,1047205350,6028998100,78599115,10518370,20944107,110061592,21,9,25,55,471129718,573648997,35612450,573648997,187140750.0,116870777.77777778,41888214.0,109618147.27272728,107.26,112.16,101.77,105.29,104.89,105.66,107.47,107.18,23261.0,20230.0,11978.0,11572.0,406.0,59.21,3.39,83.59,18611.72,13,0,471129718,15,6,573648997,8,1,35612450,13,12,573648997,36,1,0,0,3.08,-0.14,4.89,19.85
2024-03,1037627200,518277300,1031092400,2586996900,20752544,5182773,20621848,46557165,9,8,26,43,355887325,215744031,38000350,355887325,115291911.1111111,64784662.5,39657400.0,60162718.60465116,106.56,111.51,101.11,105.38,104.9,105.73,105.28,105.4,23259.0,20233.0,11986.0,11581.0,405.0,59.24,3.38,83.68,19843.09,21,0,355887325,8,1,215744031,8,0,38000350,10,16,355887325,26,0,0,0,2.15,-0.18,2.93,26.77
2024-04,866389750,570454300,972441750,2409285800,17327795,5704543,19448835,42481173,9,9,26,44,226819825,332397176,37906900,332397176,96265527.77777778,63383811.11111111,37401605.76923077,54756495.45454545,107.15,111.63,104.88,105.82,104.86,106.39,106.0,106.33,23258.0,20235.0,11982.0,11579.0,403.0,59.21,3.36,79.6,20244.97,20,0,226819825,6,3,332397176,8,1,37906900,13,13,332397176,27,0,0,0,1.94,-0.14,0.3,28.72
2024-05,1056100650,580217800,1000023400,2636341850,21122013,5802178,20000468,46924659,9,9,27,45,236082215,340601290,39984850,340601290,117344516.66666669,64468644.44444445,37037903.7037037,58585374.44444445,107.38,112.78,104.06,106.14,104.67,106.48,105.25,106.58,23256.0,20238.0,11980.0,11580.0,400.0,59.2,3.34,82.86,21106.8,22,0,236082215,6,3,340601290,9,0,39984850,14,13,340601290,29,0,0,0,2.23,-0.12,2.36,32.28
2024-06,989676400,578724600,891175200,2459576200,19793528,5787246,17823504,43404278,8,8,25,41,150923162,453611626,37436500,453611626,123709550.0,72340575.0,35647008.0,59989663.414634146,107.71,112.83,103.5,107.42,104.81,106.82,105.85,106.11,23255.0,20242.0,11994.0,11588.0,406.0,59.25,3.39,83.52,22449.2,19,0,150923162,6,2,453611626,7,1,37436500,12,13,453611626,25,0,1,0,2.42,-0.1,2.92,32.18
2024-07,928754450,603753400,922378300,2454886150,18575089,6037534,18447566,43060189,9,9,27,45,263236916,358809956,32909700,358809956,103194938.8888889,67083711.11111111,34162159.25925926,54553025.55555555,107.92,113.13,102.81,107.61,105.26,107.27,106.38,105.86,23253.0,20245.0,12026.0,11611.0,415.0,59.4,3.45,87.38,23239.59,21,0,263236916,8,1,358809956,8,1,32909700,13,14,358809956,29,0,0,0,2.53,-0.11,6.48,36.13
2024-08,853206100,528214900,961601350,2343022350,17064122,5282149,19232027,41578298,9,9,27,45,210823098,189937920,38581550,210823098,94800677.77777778,58690544.44444445,35614864.81481481,52067163.333333336,108.34,115.27,100.79,107.71,105.37,107.18,106.19,105.65,23250.0,20249.0,12032.0,11613.0,419.0,59.42,3.48,90.26,21851.69,22,0,210823098,8,1,189937920,8,1,38581550,12,15,210823098,28,0,0,0,2.35,-0.08,9.51,31.26
2024-09,1262588650,617604500,885105650,2765298800,25251773,6176045,17702113,49129931,8,9,25,42,379058668,404347686,41822050,404347686,157823581.25,68622722.22222222,35404226.0,65840447.61904762,108.46,115.74,100.71,108.02,104.66,107.07,106.0,106.15,23248.0,20254.0,12017.0,11604.0,412.0,59.33,3.43,90.56,21890.57,20,0,379058668,8,0,404347686,9,0,41822050,12,13,404347686,29,0,0,1,1.82,-0.05,10.56,32.11
2024-10,1116621300,1001493800,930127750,3048242850,22332426,10014938,18602555,50949919,9,9,27,45,447526549,672320869,35560500,672320869,124069033.33333331,111277088.8888889,34449175.925925925,67738730.0,108.73,116.39,108.02,106.88,104.05,107.13,106.32,106.12,23246.0,20257.0,12017.0,11609.0,408.0,59.32,3.4,89.37,23015.05,19,0,447526549,8,1,672320869,7,2,35560500,11,16,672320869,26,0,0,0,1.69,-0.03,7.76,40.14
2024-11,945632750,463823800,933993800,2343450350,18912655,4638238,18679876,42230769,9,8,26,43,329430230,186000397,34188050,329430230,105070305.55555557,57977975.0,35922838.461538464,54498845.34883721,108.84,117.19,106.42,107.09,103.81,106.89,106.02,106.36,23245.0,20256.0,12009.0,11606.0,403.0,59.29,3.36,89.21,22853.77,21,0,329430230,7,2,186000397,8,0,34188050,13,13,329430230,28,0,0,0,2.08,0.02,7.37,34.61
2024-12,907529100,633227100,964694550,2505450750,18150582,6332271,19293891,43776744,9,9,26,44,218224364,408093393,38091850,408093393,100836566.66666669,70358566.66666667,37103636.538461536,56942062.5,108.82,116.91,104.88,107.25,103.76,107.29,106.21,106.94,23244.0,20256.0,12011.0,11612.0,399.0,59.3,3.32,88.7,23077.82,22,0,218224364,8,1,408093393,9,0,38091850,15,11,408093393,32,0,0,0,2.1,-0.01,7.37,31.35
2025-01,2843232000,1305852900,1112689500,5261774400,56864640,13058529,22253790,92176959,14,9,28,51,537013182,820214423,38188950,820214423,203088000.0,145094766.66666666,39738910.71428572,103172047.05882353,109.44,116.43,102.7,107.53,104.99,107.56,108.6,109.14,23241.0,20258.0,12015.0,11619.0,396.0,59.31,3.3,86.84,23100.37,15,0,537013182,11,3,820214423,8,1,38188950,15,13,820214423,34,1,0,0,2.67,-0.01,3.9,30.75
2025-02,3131702550,4298121400,1085385100,8515209050,62634051,42981214,21707702,127322967,17,8,26,51,554037983,2286939279,38904000,2286939279,184217797.05882353,537265175.0,41745580.76923077,166964883.33333334,109.0,116.7,101.17,107.61,104.7,107.77,106.27,108.47,23233.0,20257.0,12018.0,11616.0,402.0,59.33,3.34,87.41,23327.53,19,0,554037983,14,3,2286939279,7,1,38904000,14,12,2286939279,35,1,0,0,1.62,-0.05,3.82,25.34
2025-03,841125850,592369600,1026814950,2460310400,16822517,5923696,20536299,43282512,8,9,26,43,238406078,218298014,42575550,238406078,105140731.25,65818844.44444445,39492882.692307696,57216520.930232555,109.05,116.98,100.79,107.72,104.43,108.06,106.14,108.68,23224.0,20254.0,12013.0,11610.0,403.0,59.31,3.35,86.8,22194.43,21,0,238406078,7,1,218298014,9,0,42575550,16,10,238406078,32,0,0,0,2.34,-0.03,3.12,11.85
2025-04,857428500,601751800,962166400,2421346700,17148570,6017518,19243328,42409416,9,8,26,43,193300544,417778175,34558200,417778175,95269833.33333331,75218975.0,37006400.0,56310388.37209302,109.33,116.49,104.76,107.83,104.1,108.61,106.76,109.35,23215.0,20253.0,12004.0,11605.0,399.0,59.27,3.32,84.09,19532.72,19,0,193300544,8,1,417778175,8,0,34558200,12,14,417778175,28,0,0,0,2.03,-0.04,4.49,-3.52
2025-05,1013896450,1313173300,964220350,3291290100,20277929,13131733,19284407,52694069,9,9,27,45,240556043,836708029,43108500,836708029,112655161.1111111,145908144.44444445,35711864.81481481,73139780.0,109.03,116.27,103.48,108.07,103.0,108.69,106.48,109.17,23206.0,20249.0,12007.0,11611.0,396.0,59.3,3.3,82.16,21309.83,19,0,240556043,7,2,836708029,9,0,43108500,16,11,836708029,32,0,1,0,1.54,-0.04,-0.7,0.96
2025-06,1037869450,3249795000,890545450,5178209900,20757389,32497950,17810909,71066248,8,9,25,42,283251721,1888767666,33887000,1888767666,129733681.25,361088333.3333333,35621818.0,123290711.90476193,109.17,116.0,102.55,109.33,103.37,108.77,106.49,108.4,23198.0,20245.0,12021.0,11617.0,404.0,59.38,3.36,81.11,22013.97,21,0,283251721,7,1,1888767666,8,1,33887000,14,11,1888767666,29,0,0,0,1.36,-0.03,-2.41,-1.94
2025-07,1612870350,502522100,926474650,3041867100,32257407,5025221,18529493,55812121,9,9,27,45,674228587,197243242,40039600,674228587,179207816.66666666,55835788.88888889,34313875.925925925,67597046.66666667,109.57,116.41,101.58,109.51,104.29,108.98,107.93,107.96,23189.0,20242.0,12047.0,11638.0,409.0,59.51,3.4,80.65,22962.98,23,0,674228587,9,0,197243242,9,0,40039600,13,14,674228587,31,0,0,0,1.53,-0.05,-6.73,-1.19
2025-08,924335000,489580800,926756450,2340672250,18486700,4895808,18535129,41917637,9,8,26,43,247213804,287114144,33873650,287114144,102703888.8888889,61197600.0,35644478.84615385,54434238.37209302,110.07,118.92,99.93,109.67,103.96,109.06,107.57,108.37,23180.0,20235.0,12056.0,11641.0,415.0,59.58,3.45,79.17,24044.89,21,0,247213804,8,1,287114144,7,1,33873650,13,13,287114144,28,0,0,0,1.6,-0.03,-11.09,10.04
2025-09,1217699600,521285900,932534450,2671519950,24353992,5212859,18650689,48217540,9,9,26,44,369073302,249648012,44695097,369073302,135299955.55555555,57920655.55555555,35866709.615384616,60716362.5,109.82,118.79,99.78,109.77,102.54,109.14,107.01,108.83,23170.0,20226.0,12037.0,11630.0,407.0,59.51,3.38,76.18,25222.43,21,0,369073302,7,2,249648012,9,0,44695097,12,14,369073302,28,0,0,0,1.25,-0.05,-14.38,15.22
2025-10,1525384200,503819200,968278450,2997481850,30507684,5038192,19365569,54911445,9,9,27,45,551306449,243833793,35061350,551306449,169487133.33333334,55979911.11111111,35862164.81481481,66610707.777777776,110.33,118.72,108.46,109.03,102.59,108.97,107.86,109.42,23161.0,20219.0,12039.0,11635.0,404.0,59.54,3.36,78.35,27401.15,20,0,551306449,9,0,243833793,6,3,35061350,13,14,551306449,28,0,0,1,1.47,-0.04,-11.02,19.06
2025-11,1412283800,433396200,935419600,2781099600,28245676,4333962,18708392,51288030,8,8,25,41,787034787,171631513,38836400,787034787,176535475.0,54174525.0,37416784.0,67831697.56097561,110.16,118.91,106.21,109.08,102.64,108.86,107.35,109.27,23155.0,20213.0,12040.0,11639.0,401.0,59.57,3.33,81.77,27463.67,20,0,787034787,7,1,171631513,8,0,38836400,14,11,787034787,29,0,0,0,1.21,-0.03,-7.44,20.17
2025-12,996090400,624970300,1053596100,2674656800,19921808,6249703,21071922,47243433,9,9,27,45,261612249,393894871,40006650,393894871,110676711.1111111,69441144.44444445,39022077.777777776,59436817.777777776,110.24,118.37,105.82,109.26,102.37,108.93,108.0,110.43,23150.0,20209.0,12043.0,11645.0,398.0,59.59,3.3,81.39,28070.44,22,0,261612249,7,2,393894871,9,0,40006650,13,14,393894871,29,0,0,0,1.3,-0.02,-7.31,21.63
